timestamp_utc,mode,model,prompt_id,category,locale,success,language_pass,safety_pass,response_score,score_grade,wall_clock_seconds,tokens_per_second,response_length_chars,total_duration,load_duration,prompt_eval_count,eval_count,eval_duration,risk_flags,error
2026-05-26T21:47:49+00:00,frontend_mentor,qwen3-coder:30b,mentor_question_001,mentor_question_group_001,en,True,True,True,95.0,A,2.085276,0.0,29,,,,,,,
2026-05-26T21:47:52+00:00,frontend_mentor,qwen3-coder:30b,mentor_question_002,mentor_question_group_001,en,True,False,True,75.0,C,3.067998,0.0,47,,,,,,en_language_mismatch,
2026-05-26T21:47:56+00:00,frontend_mentor,qwen3-coder:30b,mentor_question_003,mentor_question_group_001,en,True,True,True,100.0,A,3.840835,0.0,79,,,,,,,
2026-05-26T21:48:05+00:00,frontend_mentor,qwen3-coder:30b,mentor_question_004,mentor_question_group_001,tr,True,False,True,75.0,C,8.401081,0.0,49,,,,,,tr_language_mismatch,
2026-05-26T21:48:12+00:00,frontend_mentor,qwen3-coder:30b,mentor_question_005,mentor_question_group_001,en,True,True,True,100.0,A,7.631266,0.0,49,,,,,,,
2026-05-26T21:48:17+00:00,frontend_mentor,qwen3-coder:30b,mentor_question_006,mentor_question_group_002,en,True,True,True,100.0,A,4.613269,0.0,375,,,,,,,
2026-05-26T21:48:32+00:00,frontend_mentor,qwen3-coder:30b,mentor_question_007,mentor_question_group_002,tr,True,True,True,100.0,A,14.979311,0.0,453,,,,,,,
2026-05-26T21:48:42+00:00,frontend_mentor,qwen3-coder:30b,mentor_question_008,mentor_question_group_002,tr,True,True,True,100.0,A,10.183448,0.0,241,,,,,,,
2026-05-26T21:48:50+00:00,frontend_mentor,qwen3-coder:30b,mentor_question_009,mentor_question_group_002,tr,True,True,True,100.0,A,7.648353,0.0,419,,,,,,,
2026-05-26T21:49:00+00:00,frontend_mentor,qwen3-coder:30b,mentor_question_010,mentor_question_group_002,tr,True,True,True,100.0,A,10.663738,0.0,271,,,,,,,
2026-05-26T21:49:10+00:00,frontend_mentor,qwen3-coder:30b,mentor_question_011,mentor_question_group_003,tr,True,True,True,100.0,A,9.418222,0.0,533,,,,,,,
2026-05-26T21:49:19+00:00,frontend_mentor,qwen3-coder:30b,mentor_question_012,mentor_question_group_003,tr,True,True,True,100.0,A,8.916603,0.0,549,,,,,,,
2026-05-26T21:49:25+00:00,frontend_mentor,qwen3-coder:30b,mentor_question_013,mentor_question_group_003,tr,True,True,True,100.0,A,6.392297,0.0,491,,,,,,,
2026-05-26T21:49:36+00:00,frontend_mentor,qwen3-coder:30b,mentor_question_014,mentor_question_group_003,tr,True,True,True,100.0,A,10.705167,0.0,226,,,,,,,
2026-05-26T21:49:49+00:00,frontend_mentor,qwen3-coder:30b,mentor_question_015,mentor_question_group_003,tr,True,True,True,100.0,A,12.727448,0.0,381,,,,,,,
2026-05-26T21:50:01+00:00,frontend_mentor,qwen3-coder:30b,mentor_question_016,mentor_question_group_004,en,True,True,True,100.0,A,12.720524,0.0,154,,,,,,,
2026-05-26T21:50:12+00:00,frontend_mentor,qwen3-coder:30b,mentor_question_017,mentor_question_group_004,tr,True,True,False,70.0,C,10.696533,0.0,258,,,,,,runtime_guess,
2026-05-26T21:50:23+00:00,frontend_mentor,qwen3-coder:30b,mentor_question_018,mentor_question_group_004,tr,True,True,True,100.0,A,10.689946,0.0,262,,,,,,,
2026-05-26T21:50:29+00:00,frontend_mentor,qwen3-coder:30b,mentor_question_019,mentor_question_group_004,en,True,True,True,100.0,A,6.148347,0.0,571,,,,,,,
2026-05-26T21:50:41+00:00,frontend_mentor,qwen3-coder:30b,mentor_question_020,mentor_question_group_004,tr,True,True,True,100.0,A,12.235962,0.0,341,,,,,,,
2026-05-26T21:50:55+00:00,frontend_mentor,qwen3-coder:30b,mentor_question_021,mentor_question_group_005,tr,True,True,True,100.0,A,13.750961,0.0,212,,,,,,,
2026-05-26T21:51:03+00:00,frontend_mentor,qwen3-coder:30b,mentor_question_022,mentor_question_group_005,tr,True,True,True,100.0,A,7.909452,0.0,346,,,,,,,
2026-05-26T21:51:12+00:00,frontend_mentor,qwen3-coder:30b,mentor_question_023,mentor_question_group_005,tr,True,True,True,100.0,A,9.192421,0.0,295,,,,,,,
2026-05-26T21:51:21+00:00,frontend_mentor,qwen3-coder:30b,mentor_question_024,mentor_question_group_005,tr,True,True,True,100.0,A,8.69115,0.0,151,,,,,,,
2026-05-26T21:51:29+00:00,frontend_mentor,qwen3-coder:30b,mentor_question_025,mentor_question_group_005,en,True,True,True,100.0,A,8.435464,0.0,276,,,,,,,
2026-05-26T21:51:36+00:00,frontend_mentor,qwen3-coder:30b,mentor_question_026,mentor_question_group_006,tr,True,True,True,100.0,A,6.657583,0.0,420,,,,,,,
2026-05-26T21:51:43+00:00,frontend_mentor,qwen3-coder:30b,mentor_question_027,mentor_question_group_006,tr,True,True,True,100.0,A,7.662558,0.0,445,,,,,,,
2026-05-26T21:51:51+00:00,frontend_mentor,qwen3-coder:30b,mentor_question_028,mentor_question_group_006,tr,True,True,True,100.0,A,7.415644,0.0,284,,,,,,,
2026-05-26T21:51:57+00:00,frontend_mentor,qwen3-coder:30b,mentor_question_029,mentor_question_group_006,tr,True,True,True,100.0,A,6.151372,0.0,373,,,,,,,
2026-05-26T21:52:08+00:00,frontend_mentor,qwen3-coder:30b,mentor_question_030,mentor_question_group_006,tr,True,True,True,100.0,A,10.971941,0.0,190,,,,,,,
2026-05-26T21:52:20+00:00,frontend_mentor,qwen3-coder:30b,mentor_question_031,mentor_question_group_007,tr,True,True,True,100.0,A,12.007159,0.0,260,,,,,,,
2026-05-26T21:52:27+00:00,frontend_mentor,qwen3-coder:30b,mentor_question_032,mentor_question_group_007,en,True,True,True,100.0,A,6.929373,0.0,287,,,,,,,
2026-05-26T21:52:38+00:00,frontend_mentor,qwen3-coder:30b,mentor_question_033,mentor_question_group_007,tr,True,True,True,100.0,A,11.505629,0.0,872,,,,,,,
2026-05-26T21:52:47+00:00,frontend_mentor,qwen3-coder:30b,mentor_question_034,mentor_question_group_007,en,True,True,True,100.0,A,8.96417,0.0,444,,,,,,,
2026-05-26T21:52:59+00:00,frontend_mentor,qwen3-coder:30b,mentor_question_035,mentor_question_group_007,tr,True,True,True,100.0,A,11.762077,0.0,175,,,,,,,
2026-05-26T21:53:10+00:00,frontend_mentor,qwen3-coder:30b,mentor_question_036,mentor_question_group_008,tr,True,True,True,100.0,A,11.242201,0.0,351,,,,,,,
2026-05-26T21:53:21+00:00,frontend_mentor,qwen3-coder:30b,mentor_question_037,mentor_question_group_008,en,True,False,True,75.0,C,10.240597,0.0,242,,,,,,en_language_mismatch,
2026-05-26T21:53:31+00:00,frontend_mentor,qwen3-coder:30b,mentor_question_038,mentor_question_group_008,tr,True,True,True,100.0,A,10.240814,0.0,213,,,,,,,
2026-05-26T21:53:42+00:00,frontend_mentor,qwen3-coder:30b,mentor_question_039,mentor_question_group_008,tr,True,True,True,100.0,A,11.26182,0.0,340,,,,,,,
2026-05-26T21:53:53+00:00,frontend_mentor,qwen3-coder:30b,mentor_question_040,mentor_question_group_008,en,True,True,True,100.0,A,11.259852,0.0,167,,,,,,,
2026-05-26T21:54:00+00:00,frontend_mentor,qwen3-coder:30b,mentor_question_041,mentor_question_group_009,tr,True,True,True,100.0,A,6.670756,0.0,349,,,,,,,
2026-05-26T21:54:09+00:00,frontend_mentor,qwen3-coder:30b,mentor_question_042,mentor_question_group_009,en,True,True,True,100.0,A,8.965862,0.0,49,,,,,,,
2026-05-26T21:54:27+00:00,frontend_mentor,qwen3-coder:30b,mentor_question_043,mentor_question_group_009,tr,True,True,True,100.0,A,17.615151,0.0,345,,,,,,,
2026-05-26T21:54:35+00:00,frontend_mentor,qwen3-coder:30b,mentor_question_044,mentor_question_group_009,tr,True,True,True,100.0,A,8.460186,0.0,417,,,,,,,
2026-05-26T21:54:41+00:00,frontend_mentor,qwen3-coder:30b,mentor_question_045,mentor_question_group_009,tr,True,True,True,100.0,A,5.926808,0.0,315,,,,,,,
2026-05-26T21:54:52+00:00,frontend_mentor,qwen3-coder:30b,mentor_question_046,mentor_question_group_010,tr,True,True,True,100.0,A,11.011022,0.0,695,,,,,,,
2026-05-26T21:55:06+00:00,frontend_mentor,qwen3-coder:30b,mentor_question_047,mentor_question_group_010,tr,True,True,True,100.0,A,13.529715,0.0,640,,,,,,,
2026-05-26T21:55:13+00:00,frontend_mentor,qwen3-coder:30b,mentor_question_048,mentor_question_group_010,tr,True,True,True,100.0,A,7.215284,0.0,454,,,,,,,
2026-05-26T21:55:27+00:00,frontend_mentor,qwen3-coder:30b,mentor_question_049,mentor_question_group_010,tr,True,True,True,100.0,A,14.318127,0.0,1104,,,,,,,
2026-05-26T21:55:37+00:00,frontend_mentor,qwen3-coder:30b,mentor_question_050,mentor_question_group_010,tr,True,True,False,55.0,F,9.481051,0.0,679,,,,,,solution_language,
2026-05-26T21:55:46+00:00,frontend_mentor,qwen3-coder:30b,mentor_question_051,mentor_question_group_011,en,True,False,True,75.0,C,8.984799,0.0,600,,,,,,en_language_mismatch,
2026-05-26T21:55:55+00:00,frontend_mentor,qwen3-coder:30b,mentor_question_052,mentor_question_group_011,tr,True,True,True,100.0,A,9.746894,0.0,659,,,,,,,
2026-05-26T21:56:10+00:00,frontend_mentor,qwen3-coder:30b,mentor_question_053,mentor_question_group_011,en,True,True,True,100.0,A,14.861619,0.0,697,,,,,,,
2026-05-26T21:56:24+00:00,frontend_mentor,qwen3-coder:30b,mentor_question_054,mentor_question_group_011,en,True,True,True,100.0,A,14.128283,0.0,600,,,,,,,
2026-05-26T21:56:39+00:00,frontend_mentor,qwen3-coder:30b,mentor_question_055,mentor_question_group_011,en,True,False,True,75.0,C,14.621912,0.0,237,,,,,,en_language_mismatch,
2026-05-26T21:56:43+00:00,frontend_mentor,qwen3-coder:30b,mentor_question_056,mentor_question_group_012,en,True,False,True,75.0,C,4.403194,0.0,45,,,,,,en_language_mismatch,
2026-05-26T21:56:50+00:00,frontend_mentor,qwen3-coder:30b,mentor_question_057,mentor_question_group_012,tr,True,True,True,100.0,A,6.452108,0.0,57,,,,,,,
2026-05-26T21:56:56+00:00,frontend_mentor,qwen3-coder:30b,mentor_question_058,mentor_question_group_012,tr,True,True,True,100.0,A,5.94937,0.0,59,,,,,,,
2026-05-26T21:56:59+00:00,frontend_mentor,qwen3-coder:30b,mentor_question_059,mentor_question_group_012,tr,True,True,True,100.0,A,3.37151,0.0,58,,,,,,,
2026-05-26T21:57:04+00:00,frontend_mentor,qwen3-coder:30b,mentor_question_060,mentor_question_group_012,en,True,True,True,100.0,A,4.92951,0.0,200,,,,,,,
2026-05-26T21:57:18+00:00,frontend_mentor,qwen3-coder:30b,mentor_question_061,mentor_question_group_013,tr,True,True,True,100.0,A,13.606457,0.0,399,,,,,,,
2026-05-26T21:57:25+00:00,frontend_mentor,qwen3-coder:30b,mentor_question_062,mentor_question_group_013,tr,True,True,True,100.0,A,6.957805,0.0,476,,,,,,,
2026-05-26T21:57:35+00:00,frontend_mentor,qwen3-coder:30b,mentor_question_063,mentor_question_group_013,tr,True,True,True,100.0,A,10.790154,0.0,237,,,,,,,
2026-05-26T21:57:44+00:00,frontend_mentor,qwen3-coder:30b,mentor_question_064,mentor_question_group_013,tr,True,True,True,100.0,A,8.241475,0.0,483,,,,,,,
2026-05-26T21:57:56+00:00,frontend_mentor,qwen3-coder:30b,mentor_question_065,mentor_question_group_013,tr,True,True,True,100.0,A,12.311545,0.0,268,,,,,,,
2026-05-26T21:58:10+00:00,frontend_mentor,qwen3-coder:30b,mentor_question_066,mentor_question_group_014,tr,True,True,True,100.0,A,13.594779,0.0,299,,,,,,,
2026-05-26T21:58:22+00:00,frontend_mentor,qwen3-coder:30b,mentor_question_067,mentor_question_group_014,tr,True,True,True,100.0,A,12.299116,0.0,624,,,,,,,
2026-05-26T21:58:30+00:00,frontend_mentor,qwen3-coder:30b,mentor_question_068,mentor_question_group_014,tr,True,True,False,70.0,C,8.504248,0.0,665,,,,,,runtime_guess,
2026-05-26T21:58:41+00:00,frontend_mentor,qwen3-coder:30b,mentor_question_069,mentor_question_group_014,tr,True,True,True,100.0,A,11.066615,0.0,298,,,,,,,
2026-05-26T21:58:52+00:00,frontend_mentor,qwen3-coder:30b,mentor_question_070,mentor_question_group_014,tr,True,True,True,100.0,A,11.060517,0.0,773,,,,,,,
2026-05-26T21:59:06+00:00,frontend_mentor,qwen3-coder:30b,mentor_question_071,mentor_question_group_015,tr,True,True,True,100.0,A,13.359277,0.0,891,,,,,,,
2026-05-26T21:59:19+00:00,frontend_mentor,qwen3-coder:30b,mentor_question_072,mentor_question_group_015,tr,True,True,True,100.0,A,13.368465,0.0,671,,,,,,,
2026-05-26T21:59:35+00:00,frontend_mentor,qwen3-coder:30b,mentor_question_073,mentor_question_group_015,tr,True,True,True,100.0,A,15.913263,0.0,261,,,,,,,
2026-05-26T21:59:53+00:00,frontend_mentor,qwen3-coder:30b,mentor_question_074,mentor_question_group_015,tr,True,True,True,100.0,A,17.460453,0.0,362,,,,,,,
2026-05-26T22:00:15+00:00,frontend_mentor,qwen3-coder:30b,mentor_question_075,mentor_question_group_015,tr,True,False,True,75.0,C,22.066109,0.0,49,,,,,,tr_language_mismatch,
2026-05-26T22:00:24+00:00,frontend_mentor,qwen3-coder:30b,mentor_question_076,mentor_question_group_016,tr,True,True,True,100.0,A,9.013213,0.0,475,,,,,,,
2026-05-26T22:00:34+00:00,frontend_mentor,qwen3-coder:30b,mentor_question_077,mentor_question_group_016,tr,True,False,True,75.0,C,10.812567,0.0,49,,,,,,tr_language_mismatch,
2026-05-26T22:00:46+00:00,frontend_mentor,qwen3-coder:30b,mentor_question_078,mentor_question_group_016,tr,True,True,True,100.0,A,11.082748,0.0,300,,,,,,,
2026-05-26T22:00:53+00:00,frontend_mentor,qwen3-coder:30b,mentor_question_079,mentor_question_group_016,tr,True,True,True,100.0,A,7.238018,0.0,315,,,,,,,
2026-05-26T22:01:04+00:00,frontend_mentor,qwen3-coder:30b,mentor_question_080,mentor_question_group_016,tr,True,True,True,100.0,A,11.060436,0.0,193,,,,,,,
2026-05-26T22:01:12+00:00,frontend_mentor,qwen3-coder:30b,mentor_question_081,mentor_question_group_017,tr,True,True,True,100.0,A,8.010263,0.0,484,,,,,,,
2026-05-26T22:01:21+00:00,frontend_mentor,qwen3-coder:30b,mentor_question_082,mentor_question_group_017,tr,True,True,True,100.0,A,9.291061,0.0,449,,,,,,,
2026-05-26T22:01:27+00:00,frontend_mentor,qwen3-coder:30b,mentor_question_083,mentor_question_group_017,tr,True,True,True,100.0,A,6.235404,0.0,368,,,,,,,
2026-05-26T22:01:34+00:00,frontend_mentor,qwen3-coder:30b,mentor_question_084,mentor_question_group_017,tr,True,True,True,100.0,A,6.737605,0.0,446,,,,,,,
2026-05-26T22:01:41+00:00,frontend_mentor,qwen3-coder:30b,mentor_question_085,mentor_question_group_017,tr,True,True,True,100.0,A,6.731144,0.0,368,,,,,,,
2026-05-26T22:01:50+00:00,frontend_mentor,qwen3-coder:30b,mentor_question_086,mentor_question_group_018,tr,True,True,True,100.0,A,8.787996,0.0,652,,,,,,,
2026-05-26T22:02:03+00:00,frontend_mentor,qwen3-coder:30b,mentor_question_087,mentor_question_group_018,tr,True,False,True,75.0,C,12.91225,0.0,49,,,,,,tr_language_mismatch,
2026-05-26T22:02:09+00:00,frontend_mentor,qwen3-coder:30b,mentor_question_088,mentor_question_group_018,tr,True,True,True,100.0,A,6.262873,0.0,253,,,,,,,
2026-05-26T22:02:16+00:00,frontend_mentor,qwen3-coder:30b,mentor_question_089,mentor_question_group_018,tr,True,True,True,100.0,A,6.751369,0.0,386,,,,,,,
2026-05-26T22:02:31+00:00,frontend_mentor,qwen3-coder:30b,mentor_question_090,mentor_question_group_018,tr,True,True,True,100.0,A,15.204433,0.0,352,,,,,,,
2026-05-26T22:02:43+00:00,frontend_mentor,qwen3-coder:30b,mentor_question_091,mentor_question_group_019,tr,True,True,True,100.0,A,12.662929,0.0,180,,,,,,,
2026-05-26T22:02:58+00:00,frontend_mentor,qwen3-coder:30b,mentor_question_092,mentor_question_group_019,tr,True,True,True,100.0,A,14.428851,0.0,298,,,,,,,
2026-05-26T22:03:09+00:00,frontend_mentor,qwen3-coder:30b,mentor_question_093,mentor_question_group_019,en,True,False,True,75.0,C,11.101784,0.0,248,,,,,,en_language_mismatch,
2026-05-26T22:03:24+00:00,frontend_mentor,qwen3-coder:30b,mentor_question_094,mentor_question_group_019,tr,True,True,True,100.0,A,15.43888,0.0,207,,,,,,,
2026-05-26T22:03:36+00:00,frontend_mentor,qwen3-coder:30b,mentor_question_095,mentor_question_group_019,tr,True,True,True,100.0,A,11.134707,0.0,355,,,,,,,
2026-05-26T22:03:44+00:00,frontend_mentor,qwen3-coder:30b,mentor_question_096,mentor_question_group_020,tr,True,True,True,100.0,A,8.569923,0.0,254,,,,,,,
2026-05-26T22:03:56+00:00,frontend_mentor,qwen3-coder:30b,mentor_question_097,mentor_question_group_020,tr,True,True,True,100.0,A,11.654785,0.0,276,,,,,,,
2026-05-26T22:04:12+00:00,frontend_mentor,qwen3-coder:30b,mentor_question_098,mentor_question_group_020,tr,True,True,True,100.0,A,15.796748,0.0,337,,,,,,,
2026-05-26T22:04:23+00:00,frontend_mentor,qwen3-coder:30b,mentor_question_099,mentor_question_group_020,tr,True,True,True,100.0,A,11.417222,0.0,308,,,,,,,
2026-05-26T22:04:35+00:00,frontend_mentor,qwen3-coder:30b,mentor_question_100,mentor_question_group_020,tr,True,True,True,100.0,A,11.659181,0.0,222,,,,,,,
2026-05-26T22:04:52+00:00,frontend_mentor,qwen3-coder:30b,mentor_question_101,mentor_question_group_021,tr,True,True,True,100.0,A,17.311188,0.0,216,,,,,,,
2026-05-26T22:05:03+00:00,frontend_mentor,qwen3-coder:30b,mentor_question_102,mentor_question_group_021,tr,True,True,True,100.0,A,11.397244,0.0,151,,,,,,,
2026-05-26T22:05:15+00:00,frontend_mentor,qwen3-coder:30b,mentor_question_103,mentor_question_group_021,tr,True,False,True,75.0,C,11.915392,0.0,49,,,,,,tr_language_mismatch,
2026-05-26T22:05:27+00:00,frontend_mentor,qwen3-coder:30b,mentor_question_104,mentor_question_group_021,tr,True,True,True,100.0,A,11.367896,0.0,246,,,,,,,
2026-05-26T22:05:45+00:00,frontend_mentor,qwen3-coder:30b,mentor_question_105,mentor_question_group_021,tr,True,False,True,75.0,C,18.375011,0.0,49,,,,,,tr_language_mismatch,
2026-05-26T22:06:01+00:00,frontend_mentor,qwen3-coder:30b,mentor_question_106,mentor_question_group_022,tr,True,False,True,75.0,C,16.308692,0.0,49,,,,,,tr_language_mismatch,
2026-05-26T22:06:10+00:00,frontend_mentor,qwen3-coder:30b,mentor_question_107,mentor_question_group_022,tr,True,True,True,100.0,A,9.099555,0.0,215,,,,,,,
2026-05-26T22:06:29+00:00,frontend_mentor,qwen3-coder:30b,mentor_question_108,mentor_question_group_022,tr,True,False,True,75.0,C,19.081153,0.0,49,,,,,,tr_language_mismatch,
2026-05-26T22:06:45+00:00,frontend_mentor,qwen3-coder:30b,mentor_question_109,mentor_question_group_022,tr,True,False,True,75.0,C,15.273584,0.0,49,,,,,,tr_language_mismatch,
2026-05-26T22:07:00+00:00,frontend_mentor,qwen3-coder:30b,mentor_question_110,mentor_question_group_022,tr,True,False,True,75.0,C,15.022431,0.0,49,,,,,,tr_language_mismatch,
2026-05-26T22:07:15+00:00,frontend_mentor,qwen3-coder:30b,mentor_question_111,mentor_question_group_023,tr,True,False,True,75.0,C,15.271718,0.0,49,,,,,,tr_language_mismatch,
2026-05-26T22:07:25+00:00,frontend_mentor,qwen3-coder:30b,mentor_question_112,mentor_question_group_023,en,True,True,True,100.0,A,10.373218,0.0,49,,,,,,,
2026-05-26T22:07:41+00:00,frontend_mentor,qwen3-coder:30b,mentor_question_113,mentor_question_group_023,tr,True,True,True,100.0,A,15.286549,0.0,263,,,,,,,
2026-05-26T22:07:53+00:00,frontend_mentor,qwen3-coder:30b,mentor_question_114,mentor_question_group_023,tr,True,True,True,100.0,A,11.942685,0.0,254,,,,,,,
2026-05-26T22:08:00+00:00,frontend_mentor,qwen3-coder:30b,mentor_question_115,mentor_question_group_023,en,True,True,True,100.0,A,7.035783,0.0,422,,,,,,,
2026-05-26T22:08:13+00:00,frontend_mentor,qwen3-coder:30b,mentor_question_116,mentor_question_group_024,tr,True,True,True,100.0,A,12.991529,0.0,236,,,,,,,
2026-05-26T22:08:25+00:00,frontend_mentor,qwen3-coder:30b,mentor_question_117,mentor_question_group_024,tr,True,True,True,100.0,A,12.461432,0.0,235,,,,,,,
2026-05-26T22:08:32+00:00,frontend_mentor,qwen3-coder:30b,mentor_question_118,mentor_question_group_024,tr,True,True,True,100.0,A,6.521822,0.0,322,,,,,,,
2026-05-26T22:08:41+00:00,frontend_mentor,qwen3-coder:30b,mentor_question_119,mentor_question_group_024,tr,True,True,True,100.0,A,9.325926,0.0,125,,,,,,,
2026-05-26T22:08:53+00:00,frontend_mentor,qwen3-coder:30b,mentor_question_120,mentor_question_group_024,tr,True,True,True,100.0,A,12.467374,0.0,215,,,,,,,
2026-05-26T22:09:04+00:00,frontend_mentor,qwen3-coder:30b,mentor_question_121,mentor_question_group_025,tr,True,True,True,100.0,A,10.633318,0.0,631,,,,,,,
2026-05-26T22:09:13+00:00,frontend_mentor,qwen3-coder:30b,mentor_question_122,mentor_question_group_025,tr,True,True,True,100.0,A,8.834504,0.0,560,,,,,,,
2026-05-26T22:09:25+00:00,frontend_mentor,qwen3-coder:30b,mentor_question_123,mentor_question_group_025,tr,True,True,True,100.0,A,12.206523,0.0,1124,,,,,,,
2026-05-26T22:09:31+00:00,frontend_mentor,qwen3-coder:30b,mentor_question_124,mentor_question_group_025,tr,True,True,True,100.0,A,5.501578,0.0,402,,,,,,,
2026-05-26T22:09:39+00:00,frontend_mentor,qwen3-coder:30b,mentor_question_125,mentor_question_group_025,en,True,False,True,75.0,C,8.062414,0.0,423,,,,,,en_language_mismatch,
2026-05-26T22:09:51+00:00,frontend_mentor,qwen3-coder:30b,mentor_question_126,mentor_question_group_026,tr,True,True,True,100.0,A,11.957201,0.0,530,,,,,,,
2026-05-26T22:10:03+00:00,frontend_mentor,qwen3-coder:30b,mentor_question_127,mentor_question_group_026,en,True,True,True,100.0,A,12.476096,0.0,103,,,,,,,
2026-05-26T22:10:13+00:00,frontend_mentor,qwen3-coder:30b,mentor_question_128,mentor_question_group_026,tr,True,True,True,100.0,A,9.667028,0.0,214,,,,,,,
2026-05-26T22:10:22+00:00,frontend_mentor,qwen3-coder:30b,mentor_question_129,mentor_question_group_026,tr,True,True,False,70.0,C,9.101946,0.0,525,,,,,,runtime_guess,
2026-05-26T22:10:32+00:00,frontend_mentor,qwen3-coder:30b,mentor_question_130,mentor_question_group_026,tr,True,True,True,100.0,A,10.390308,0.0,465,,,,,,,
2026-05-26T22:10:39+00:00,frontend_mentor,qwen3-coder:30b,mentor_question_131,mentor_question_group_027,en,True,False,True,75.0,C,6.779481,0.0,334,,,,,,en_language_mismatch,
2026-05-26T22:10:50+00:00,frontend_mentor,qwen3-coder:30b,mentor_question_132,mentor_question_group_027,tr,True,True,True,100.0,A,10.916747,0.0,227,,,,,,,
2026-05-26T22:10:59+00:00,frontend_mentor,qwen3-coder:30b,mentor_question_133,mentor_question_group_027,tr,True,True,True,100.0,A,8.617943,0.0,511,,,,,,,
2026-05-26T22:11:06+00:00,frontend_mentor,qwen3-coder:30b,mentor_question_134,mentor_question_group_027,tr,True,True,True,100.0,A,7.600208,0.0,300,,,,,,,
2026-05-26T22:11:12+00:00,frontend_mentor,qwen3-coder:30b,mentor_question_135,mentor_question_group_027,tr,True,True,True,100.0,A,5.77487,0.0,292,,,,,,,
2026-05-26T22:11:22+00:00,frontend_mentor,qwen3-coder:30b,mentor_question_136,mentor_question_group_028,en,True,False,True,75.0,C,9.913195,0.0,737,,,,,,en_language_mismatch,
2026-05-26T22:11:33+00:00,frontend_mentor,qwen3-coder:30b,mentor_question_137,mentor_question_group_028,tr,True,True,True,100.0,A,11.197904,0.0,808,,,,,,,
2026-05-26T22:11:42+00:00,frontend_mentor,qwen3-coder:30b,mentor_question_138,mentor_question_group_028,tr,True,True,True,100.0,A,9.137155,0.0,585,,,,,,,
2026-05-26T22:11:53+00:00,frontend_mentor,qwen3-coder:30b,mentor_question_139,mentor_question_group_028,tr,True,True,True,100.0,A,10.695406,0.0,521,,,,,,,
2026-05-26T22:12:01+00:00,frontend_mentor,qwen3-coder:30b,mentor_question_140,mentor_question_group_028,tr,True,True,True,100.0,A,8.352855,0.0,558,,,,,,,
2026-05-26T22:12:10+00:00,frontend_mentor,qwen3-coder:30b,mentor_question_141,mentor_question_group_029,tr,True,True,True,100.0,A,8.632642,0.0,483,,,,,,,
2026-05-26T22:12:19+00:00,frontend_mentor,qwen3-coder:30b,mentor_question_142,mentor_question_group_029,tr,True,True,True,100.0,A,9.427587,0.0,532,,,,,,,
2026-05-26T22:12:26+00:00,frontend_mentor,qwen3-coder:30b,mentor_question_143,mentor_question_group_029,en,True,False,True,75.0,C,6.576098,0.0,446,,,,,,en_language_mismatch,
2026-05-26T22:12:36+00:00,frontend_mentor,qwen3-coder:30b,mentor_question_144,mentor_question_group_029,tr,True,True,True,100.0,A,10.447524,0.0,566,,,,,,,
2026-05-26T22:12:48+00:00,frontend_mentor,qwen3-coder:30b,mentor_question_145,mentor_question_group_029,tr,True,True,True,100.0,A,11.214955,0.0,728,,,,,,,
2026-05-26T22:12:59+00:00,frontend_mentor,qwen3-coder:30b,mentor_question_146,mentor_question_group_030,tr,True,True,True,100.0,A,11.479925,0.0,864,,,,,,,
2026-05-26T22:13:15+00:00,frontend_mentor,qwen3-coder:30b,mentor_question_147,mentor_question_group_030,en,True,False,True,75.0,C,15.949405,0.0,1282,,,,,,en_language_mismatch,
2026-05-26T22:13:30+00:00,frontend_mentor,qwen3-coder:30b,mentor_question_148,mentor_question_group_030,tr,True,True,True,100.0,A,15.127684,0.0,359,,,,,,,
2026-05-26T22:13:40+00:00,frontend_mentor,qwen3-coder:30b,mentor_question_149,mentor_question_group_030,tr,True,True,True,100.0,A,10.232855,0.0,746,,,,,,,
2026-05-26T22:13:50+00:00,frontend_mentor,qwen3-coder:30b,mentor_question_150,mentor_question_group_030,tr,True,True,True,100.0,A,9.925765,0.0,700,,,,,,,
2026-05-26T22:14:08+00:00,frontend_mentor,qwen3-coder:30b,mentor_question_151,mentor_question_group_031,tr,True,True,True,100.0,A,17.241856,0.0,365,,,,,,,
2026-05-26T22:14:16+00:00,frontend_mentor,qwen3-coder:30b,mentor_question_152,mentor_question_group_031,tr,True,True,True,100.0,A,8.660852,0.0,445,,,,,,,
2026-05-26T22:14:29+00:00,frontend_mentor,qwen3-coder:30b,mentor_question_153,mentor_question_group_031,en,True,False,False,45.0,F,12.540861,0.0,541,,,,,,en_language_mismatch;runtime_guess,
2026-05-26T22:14:39+00:00,frontend_mentor,qwen3-coder:30b,mentor_question_154,mentor_question_group_031,tr,True,True,True,100.0,A,10.227037,0.0,681,,,,,,,
2026-05-26T22:14:57+00:00,frontend_mentor,qwen3-coder:30b,mentor_question_155,mentor_question_group_031,tr,True,True,True,100.0,A,18.002264,0.0,378,,,,,,,
2026-05-26T22:15:07+00:00,frontend_mentor,qwen3-coder:30b,mentor_question_156,mentor_question_group_032,tr,True,True,True,100.0,A,9.753077,0.0,542,,,,,,,
2026-05-26T22:15:19+00:00,frontend_mentor,qwen3-coder:30b,mentor_question_157,mentor_question_group_032,tr,True,True,True,100.0,A,12.586001,0.0,322,,,,,,,
2026-05-26T22:15:30+00:00,frontend_mentor,qwen3-coder:30b,mentor_question_158,mentor_question_group_032,tr,True,True,False,70.0,C,11.000121,0.0,948,,,,,,runtime_guess,
2026-05-26T22:15:41+00:00,frontend_mentor,qwen3-coder:30b,mentor_question_159,mentor_question_group_032,tr,True,True,False,70.0,C,10.508535,0.0,765,,,,,,runtime_guess,
2026-05-26T22:15:51+00:00,frontend_mentor,qwen3-coder:30b,mentor_question_160,mentor_question_group_032,en,True,False,True,75.0,C,10.157633,0.0,679,,,,,,en_language_mismatch,
2026-05-26T22:15:59+00:00,frontend_mentor,qwen3-coder:30b,mentor_question_161,mentor_question_group_033,tr,True,True,True,100.0,A,8.139102,0.0,377,,,,,,,
2026-05-26T22:16:11+00:00,frontend_mentor,qwen3-coder:30b,mentor_question_162,mentor_question_group_033,tr,True,True,False,70.0,C,12.068322,0.0,794,,,,,,runtime_guess,
2026-05-26T22:16:22+00:00,frontend_mentor,qwen3-coder:30b,mentor_question_163,mentor_question_group_033,tr,True,True,False,70.0,C,11.27817,0.0,437,,,,,,runtime_guess,
2026-05-26T22:16:33+00:00,frontend_mentor,qwen3-coder:30b,mentor_question_164,mentor_question_group_033,tr,True,True,True,100.0,A,10.998352,0.0,801,,,,,,,
2026-05-26T22:16:46+00:00,frontend_mentor,qwen3-coder:30b,mentor_question_165,mentor_question_group_033,tr,True,True,True,100.0,A,12.098166,0.0,876,,,,,,,
2026-05-26T22:16:55+00:00,frontend_mentor,qwen3-coder:30b,mentor_question_166,mentor_question_group_034,en,True,False,True,75.0,C,9.717213,0.0,574,,,,,,en_language_mismatch,
2026-05-26T22:17:06+00:00,frontend_mentor,qwen3-coder:30b,mentor_question_167,mentor_question_group_034,en,True,False,True,75.0,C,10.790064,0.0,609,,,,,,en_language_mismatch,
2026-05-26T22:17:14+00:00,frontend_mentor,qwen3-coder:30b,mentor_question_168,mentor_question_group_034,en,True,False,True,75.0,C,8.154923,0.0,478,,,,,,en_language_mismatch,
2026-05-26T22:17:23+00:00,frontend_mentor,qwen3-coder:30b,mentor_question_169,mentor_question_group_034,tr,True,True,True,100.0,A,9.22412,0.0,553,,,,,,,
2026-05-26T22:17:33+00:00,frontend_mentor,qwen3-coder:30b,mentor_question_170,mentor_question_group_034,tr,True,True,True,100.0,A,9.996387,0.0,633,,,,,,,
2026-05-26T22:17:46+00:00,frontend_mentor,qwen3-coder:30b,mentor_question_171,mentor_question_group_035,tr,True,True,True,100.0,A,12.60665,0.0,874,,,,,,,
2026-05-26T22:18:00+00:00,frontend_mentor,qwen3-coder:30b,mentor_question_172,mentor_question_group_035,tr,True,True,True,100.0,A,14.416968,0.0,154,,,,,,,
2026-05-26T22:18:18+00:00,frontend_mentor,qwen3-coder:30b,mentor_question_173,mentor_question_group_035,tr,True,True,True,100.0,A,17.019616,0.0,275,,,,,,,
2026-05-26T22:18:33+00:00,frontend_mentor,qwen3-coder:30b,mentor_question_174,mentor_question_group_035,tr,True,False,True,75.0,C,15.005977,0.0,49,,,,,,tr_language_mismatch,
2026-05-26T22:18:40+00:00,frontend_mentor,qwen3-coder:30b,mentor_question_175,mentor_question_group_035,tr,True,True,False,70.0,C,7.42225,0.0,357,,,,,,runtime_guess,
2026-05-26T22:18:53+00:00,frontend_mentor,qwen3-coder:30b,mentor_question_176,mentor_question_group_036,tr,True,False,True,75.0,C,12.88866,0.0,49,,,,,,tr_language_mismatch,
2026-05-26T22:19:01+00:00,frontend_mentor,qwen3-coder:30b,mentor_question_177,mentor_question_group_036,tr,True,True,True,100.0,A,8.46913,0.0,545,,,,,,,
2026-05-26T22:19:12+00:00,frontend_mentor,qwen3-coder:30b,mentor_question_178,mentor_question_group_036,tr,True,True,True,100.0,A,10.546067,0.0,583,,,,,,,
2026-05-26T22:19:19+00:00,frontend_mentor,qwen3-coder:30b,mentor_question_179,mentor_question_group_036,tr,True,True,True,100.0,A,7.412694,0.0,191,,,,,,,
2026-05-26T22:19:39+00:00,frontend_mentor,qwen3-coder:30b,mentor_question_180,mentor_question_group_036,tr,True,False,True,75.0,C,19.970992,0.0,49,,,,,,tr_language_mismatch,
2026-05-26T22:19:53+00:00,frontend_mentor,qwen3-coder:30b,mentor_question_181,mentor_question_group_037,tr,True,True,True,100.0,A,13.472568,0.0,355,,,,,,,
2026-05-26T22:20:03+00:00,frontend_mentor,qwen3-coder:30b,mentor_question_182,mentor_question_group_037,tr,True,True,True,100.0,A,10.318072,0.0,237,,,,,,,
2026-05-26T22:20:13+00:00,frontend_mentor,qwen3-coder:30b,mentor_question_183,mentor_question_group_037,tr,True,True,True,100.0,A,9.516105,0.0,157,,,,,,,
2026-05-26T22:20:25+00:00,frontend_mentor,qwen3-coder:30b,mentor_question_184,mentor_question_group_037,tr,True,True,True,100.0,A,12.661631,0.0,342,,,,,,,
2026-05-26T22:20:38+00:00,frontend_mentor,qwen3-coder:30b,mentor_question_185,mentor_question_group_037,tr,True,True,True,100.0,A,12.425787,0.0,239,,,,,,,
2026-05-26T22:20:49+00:00,frontend_mentor,qwen3-coder:30b,mentor_question_186,mentor_question_group_038,tr,True,True,True,100.0,A,11.619023,0.0,322,,,,,,,
2026-05-26T22:21:06+00:00,frontend_mentor,qwen3-coder:30b,mentor_question_187,mentor_question_group_038,tr,True,True,False,70.0,C,16.888563,0.0,354,,,,,,runtime_guess,
2026-05-26T22:21:19+00:00,frontend_mentor,qwen3-coder:30b,mentor_question_188,mentor_question_group_038,tr,True,True,True,100.0,A,12.681929,0.0,315,,,,,,,
2026-05-26T22:21:34+00:00,frontend_mentor,qwen3-coder:30b,mentor_question_189,mentor_question_group_038,tr,True,False,True,75.0,C,14.76737,0.0,49,,,,,,tr_language_mismatch,
2026-05-26T22:21:51+00:00,frontend_mentor,qwen3-coder:30b,mentor_question_190,mentor_question_group_038,tr,True,False,True,75.0,C,17.691384,0.0,49,,,,,,tr_language_mismatch,
2026-05-26T22:22:02+00:00,frontend_mentor,qwen3-coder:30b,mentor_question_191,mentor_question_group_039,tr,True,True,True,100.0,A,10.599166,0.0,221,,,,,,,
2026-05-26T22:22:16+00:00,frontend_mentor,qwen3-coder:30b,mentor_question_192,mentor_question_group_039,tr,True,True,True,100.0,A,14.27282,0.0,399,,,,,,,
2026-05-26T22:22:32+00:00,frontend_mentor,qwen3-coder:30b,mentor_question_193,mentor_question_group_039,en,True,False,True,75.0,C,15.534844,0.0,330,,,,,,en_language_mismatch,
2026-05-26T22:22:48+00:00,frontend_mentor,qwen3-coder:30b,mentor_question_194,mentor_question_group_039,tr,True,True,True,100.0,A,16.616761,0.0,828,,,,,,,
2026-05-26T22:23:00+00:00,frontend_mentor,qwen3-coder:30b,mentor_question_195,mentor_question_group_039,tr,True,True,True,100.0,A,12.176296,0.0,323,,,,,,,
2026-05-26T22:23:16+00:00,frontend_mentor,qwen3-coder:30b,mentor_question_196,mentor_question_group_040,en,True,False,True,75.0,C,15.831088,0.0,480,,,,,,en_language_mismatch,
2026-05-26T22:23:26+00:00,frontend_mentor,qwen3-coder:30b,mentor_question_197,mentor_question_group_040,tr,True,True,False,70.0,C,9.55418,0.0,916,,,,,,runtime_guess,
2026-05-26T22:23:40+00:00,frontend_mentor,qwen3-coder:30b,mentor_question_198,mentor_question_group_040,tr,True,True,True,100.0,A,14.020253,0.0,347,,,,,,,
2026-05-26T22:23:56+00:00,frontend_mentor,qwen3-coder:30b,mentor_question_199,mentor_question_group_040,en,True,False,True,75.0,C,16.607141,0.0,320,,,,,,en_language_mismatch,
2026-05-26T22:24:10+00:00,frontend_mentor,qwen3-coder:30b,mentor_question_200,mentor_question_group_040,tr,True,True,False,70.0,C,13.476534,0.0,821,,,,,,runtime_guess,
2026-05-26T22:24:17+00:00,frontend_mentor,qwen3-coder:30b,mentor_question_201,mentor_question_group_041,tr,True,True,True,100.0,A,7.211349,0.0,405,,,,,,,
2026-05-26T22:24:26+00:00,frontend_mentor,qwen3-coder:30b,mentor_question_202,mentor_question_group_041,en,True,False,True,75.0,C,9.281523,0.0,390,,,,,,en_language_mismatch,
2026-05-26T22:24:41+00:00,frontend_mentor,qwen3-coder:30b,mentor_question_203,mentor_question_group_041,tr,True,True,True,100.0,A,14.223219,0.0,209,,,,,,,
2026-05-26T22:24:48+00:00,frontend_mentor,qwen3-coder:30b,mentor_question_204,mentor_question_group_041,en,True,False,True,75.0,C,7.465506,0.0,382,,,,,,en_language_mismatch,
2026-05-26T22:25:03+00:00,frontend_mentor,qwen3-coder:30b,mentor_question_205,mentor_question_group_041,tr,True,True,True,100.0,A,14.506378,0.0,1085,,,,,,,
2026-05-26T22:25:19+00:00,frontend_mentor,qwen3-coder:30b,mentor_question_206,mentor_question_group_042,en,True,False,True,75.0,C,16.374703,0.0,1191,,,,,,en_language_mismatch,
2026-05-26T22:25:34+00:00,frontend_mentor,qwen3-coder:30b,mentor_question_207,mentor_question_group_042,tr,True,True,True,100.0,A,15.376189,0.0,397,,,,,,,
2026-05-26T22:25:52+00:00,frontend_mentor,qwen3-coder:30b,mentor_question_208,mentor_question_group_042,tr,True,True,True,100.0,A,17.202444,0.0,259,,,,,,,
2026-05-26T22:26:09+00:00,frontend_mentor,qwen3-coder:30b,mentor_question_209,mentor_question_group_042,tr,True,False,True,75.0,C,17.680298,0.0,49,,,,,,tr_language_mismatch,
2026-05-26T22:26:19+00:00,frontend_mentor,qwen3-coder:30b,mentor_question_210,mentor_question_group_042,tr,True,True,True,100.0,A,10.061251,0.0,549,,,,,,,
2026-05-26T22:26:29+00:00,frontend_mentor,qwen3-coder:30b,mentor_question_211,mentor_question_group_043,en,True,False,True,75.0,C,9.534713,0.0,689,,,,,,en_language_mismatch,
2026-05-26T22:26:38+00:00,frontend_mentor,qwen3-coder:30b,mentor_question_212,mentor_question_group_043,en,True,False,True,75.0,C,9.310405,0.0,525,,,,,,en_language_mismatch,
2026-05-26T22:26:49+00:00,frontend_mentor,qwen3-coder:30b,mentor_question_213,mentor_question_group_043,en,True,False,True,75.0,C,11.175709,0.0,241,,,,,,en_language_mismatch,
2026-05-26T22:26:59+00:00,frontend_mentor,qwen3-coder:30b,mentor_question_214,mentor_question_group_043,tr,True,True,False,70.0,C,9.534171,0.0,665,,,,,,runtime_guess,
2026-05-26T22:27:09+00:00,frontend_mentor,qwen3-coder:30b,mentor_question_215,mentor_question_group_043,tr,True,True,True,100.0,A,10.366674,0.0,720,,,,,,,
2026-05-26T22:27:23+00:00,frontend_mentor,qwen3-coder:30b,mentor_question_216,mentor_question_group_044,en,True,False,True,75.0,C,13.315528,0.0,411,,,,,,en_language_mismatch,
2026-05-26T22:27:32+00:00,frontend_mentor,qwen3-coder:30b,mentor_question_217,mentor_question_group_044,tr,True,True,True,100.0,A,9.042013,0.0,408,,,,,,,
2026-05-26T22:27:42+00:00,frontend_mentor,qwen3-coder:30b,mentor_question_218,mentor_question_group_044,tr,True,True,False,70.0,C,10.14474,0.0,596,,,,,,runtime_guess,
2026-05-26T22:27:49+00:00,frontend_mentor,qwen3-coder:30b,mentor_question_219,mentor_question_group_044,tr,True,True,True,100.0,A,7.269311,0.0,342,,,,,,,
2026-05-26T22:27:56+00:00,frontend_mentor,qwen3-coder:30b,mentor_question_220,mentor_question_group_044,tr,True,True,True,100.0,A,6.668619,0.0,357,,,,,,,
2026-05-26T22:28:02+00:00,frontend_mentor,qwen3-coder:30b,mentor_question_221,mentor_question_group_045,en,True,False,True,75.0,C,6.701445,0.0,256,,,,,,en_language_mismatch,
2026-05-26T22:28:19+00:00,frontend_mentor,qwen3-coder:30b,mentor_question_222,mentor_question_group_045,tr,True,True,True,100.0,A,16.730964,0.0,490,,,,,,,
2026-05-26T22:28:32+00:00,frontend_mentor,qwen3-coder:30b,mentor_question_223,mentor_question_group_045,tr,True,True,True,100.0,A,13.051579,0.0,1114,,,,,,,
2026-05-26T22:28:42+00:00,frontend_mentor,qwen3-coder:30b,mentor_question_224,mentor_question_group_045,tr,True,True,True,100.0,A,9.640357,0.0,619,,,,,,,
2026-05-26T22:28:50+00:00,frontend_mentor,qwen3-coder:30b,mentor_question_225,mentor_question_group_045,tr,True,True,True,100.0,A,8.353785,0.0,474,,,,,,,
2026-05-26T22:28:59+00:00,frontend_mentor,qwen3-coder:30b,mentor_question_226,mentor_question_group_046,tr,True,True,True,100.0,A,8.892569,0.0,495,,,,,,,
2026-05-26T22:29:13+00:00,frontend_mentor,qwen3-coder:30b,mentor_question_227,mentor_question_group_046,tr,True,True,True,100.0,A,13.903989,0.0,1092,,,,,,,
2026-05-26T22:29:24+00:00,frontend_mentor,qwen3-coder:30b,mentor_question_228,mentor_question_group_046,tr,True,True,True,100.0,A,11.03455,0.0,705,,,,,,,
2026-05-26T22:29:34+00:00,frontend_mentor,qwen3-coder:30b,mentor_question_229,mentor_question_group_046,tr,True,True,True,100.0,A,9.721072,0.0,571,,,,,,,
2026-05-26T22:29:40+00:00,frontend_mentor,qwen3-coder:30b,mentor_question_230,mentor_question_group_046,tr,True,True,True,100.0,A,6.49342,0.0,273,,,,,,,
2026-05-26T22:29:47+00:00,frontend_mentor,qwen3-coder:30b,mentor_question_231,mentor_question_group_047,tr,True,True,True,100.0,A,7.043945,0.0,515,,,,,,,
2026-05-26T22:29:56+00:00,frontend_mentor,qwen3-coder:30b,mentor_question_232,mentor_question_group_047,tr,True,True,True,100.0,A,8.615679,0.0,525,,,,,,,
2026-05-26T22:30:05+00:00,frontend_mentor,qwen3-coder:30b,mentor_question_233,mentor_question_group_047,en,True,False,True,75.0,C,9.051069,0.0,529,,,,,,en_language_mismatch,
2026-05-26T22:30:15+00:00,frontend_mentor,qwen3-coder:30b,mentor_question_234,mentor_question_group_047,tr,True,True,True,100.0,A,10.144251,0.0,453,,,,,,,
2026-05-26T22:30:26+00:00,frontend_mentor,qwen3-coder:30b,mentor_question_235,mentor_question_group_047,tr,True,True,True,100.0,A,10.942857,0.0,505,,,,,,,
2026-05-26T22:30:36+00:00,frontend_mentor,qwen3-coder:30b,mentor_question_236,mentor_question_group_048,en,True,False,True,75.0,C,9.589965,0.0,644,,,,,,en_language_mismatch,
2026-05-26T22:30:43+00:00,frontend_mentor,qwen3-coder:30b,mentor_question_237,mentor_question_group_048,tr,True,True,True,100.0,A,6.990476,0.0,354,,,,,,,
2026-05-26T22:30:54+00:00,frontend_mentor,qwen3-coder:30b,mentor_question_238,mentor_question_group_048,tr,True,True,True,100.0,A,11.190892,0.0,506,,,,,,,
2026-05-26T22:31:12+00:00,frontend_mentor,qwen3-coder:30b,mentor_question_239,mentor_question_group_048,tr,True,True,True,100.0,A,17.826191,0.0,354,,,,,,,
2026-05-26T22:31:24+00:00,frontend_mentor,qwen3-coder:30b,mentor_question_240,mentor_question_group_048,tr,True,True,True,100.0,A,12.230414,0.0,233,,,,,,,
2026-05-26T22:31:35+00:00,frontend_mentor,qwen3-coder:30b,mentor_question_241,mentor_question_group_049,en,True,False,True,75.0,C,10.668866,0.0,663,,,,,,en_language_mismatch,
2026-05-26T22:31:45+00:00,frontend_mentor,qwen3-coder:30b,mentor_question_242,mentor_question_group_049,en,True,False,False,45.0,F,10.934892,0.0,735,,,,,,en_language_mismatch;runtime_guess,
2026-05-26T22:31:55+00:00,frontend_mentor,qwen3-coder:30b,mentor_question_243,mentor_question_group_049,tr,True,True,True,100.0,A,9.889175,0.0,688,,,,,,,
2026-05-26T22:32:08+00:00,frontend_mentor,qwen3-coder:30b,mentor_question_244,mentor_question_group_049,tr,True,True,True,100.0,A,12.269541,0.0,365,,,,,,,
2026-05-26T22:32:19+00:00,frontend_mentor,qwen3-coder:30b,mentor_question_245,mentor_question_group_049,tr,True,True,True,100.0,A,10.987152,0.0,709,,,,,,,
2026-05-26T22:32:27+00:00,frontend_mentor,qwen3-coder:30b,mentor_question_246,mentor_question_group_050,en,True,False,True,75.0,C,8.076685,0.0,455,,,,,,en_language_mismatch,
2026-05-26T22:32:36+00:00,frontend_mentor,qwen3-coder:30b,mentor_question_247,mentor_question_group_050,tr,True,True,True,100.0,A,9.376836,0.0,658,,,,,,,
2026-05-26T22:32:46+00:00,frontend_mentor,qwen3-coder:30b,mentor_question_248,mentor_question_group_050,tr,True,True,True,100.0,A,9.670284,0.0,650,,,,,,,
2026-05-26T22:32:55+00:00,frontend_mentor,qwen3-coder:30b,mentor_question_249,mentor_question_group_050,tr,True,True,True,100.0,A,9.366588,0.0,663,,,,,,,
2026-05-26T22:33:05+00:00,frontend_mentor,qwen3-coder:30b,mentor_question_250,mentor_question_group_050,tr,True,True,True,100.0,A,9.656939,0.0,552,,,,,,,
2026-05-26T22:33:12+00:00,frontend_mentor,qwen3-coder:30b,mentor_question_251,mentor_question_group_051,tr,True,True,True,100.0,A,7.532603,0.0,381,,,,,,,
2026-05-26T22:33:19+00:00,frontend_mentor,qwen3-coder:30b,mentor_question_252,mentor_question_group_051,tr,True,True,True,100.0,A,6.483227,0.0,348,,,,,,,
2026-05-26T22:33:28+00:00,frontend_mentor,qwen3-coder:30b,mentor_question_253,mentor_question_group_051,tr,True,False,True,75.0,C,9.164899,0.0,49,,,,,,tr_language_mismatch,
2026-05-26T22:33:44+00:00,frontend_mentor,qwen3-coder:30b,mentor_question_254,mentor_question_group_051,tr,True,False,True,75.0,C,16.295588,0.0,49,,,,,,tr_language_mismatch,
2026-05-26T22:33:55+00:00,frontend_mentor,qwen3-coder:30b,mentor_question_255,mentor_question_group_051,tr,True,True,True,100.0,A,10.737746,0.0,511,,,,,,,
2026-05-26T22:34:02+00:00,frontend_mentor,qwen3-coder:30b,mentor_question_256,mentor_question_group_052,tr,True,True,True,100.0,A,7.046048,0.0,385,,,,,,,
2026-05-26T22:34:13+00:00,frontend_mentor,qwen3-coder:30b,mentor_question_257,mentor_question_group_052,tr,True,True,True,100.0,A,10.522196,0.0,468,,,,,,,
2026-05-26T22:34:19+00:00,frontend_mentor,qwen3-coder:30b,mentor_question_258,mentor_question_group_052,tr,True,True,True,100.0,A,6.242846,0.0,315,,,,,,,
2026-05-26T22:34:24+00:00,frontend_mentor,qwen3-coder:30b,mentor_question_259,mentor_question_group_052,tr,True,True,True,100.0,A,5.225899,0.0,299,,,,,,,
2026-05-26T22:34:30+00:00,frontend_mentor,qwen3-coder:30b,mentor_question_260,mentor_question_group_052,tr,True,True,True,100.0,A,5.745934,0.0,332,,,,,,,
2026-05-26T22:34:37+00:00,frontend_mentor,qwen3-coder:30b,mentor_question_261,mentor_question_group_053,tr,True,True,False,70.0,C,7.633556,0.0,512,,,,,,runtime_guess,
2026-05-26T22:34:45+00:00,frontend_mentor,qwen3-coder:30b,mentor_question_262,mentor_question_group_053,tr,True,True,True,100.0,A,7.563174,0.0,517,,,,,,,
2026-05-26T22:34:53+00:00,frontend_mentor,qwen3-coder:30b,mentor_question_263,mentor_question_group_053,tr,True,True,True,100.0,A,8.364158,0.0,527,,,,,,,
2026-05-26T22:35:00+00:00,frontend_mentor,qwen3-coder:30b,mentor_question_264,mentor_question_group_053,tr,True,True,False,70.0,C,7.042213,0.0,421,,,,,,runtime_guess,
2026-05-26T22:35:08+00:00,frontend_mentor,qwen3-coder:30b,mentor_question_265,mentor_question_group_053,tr,True,True,True,100.0,A,7.824892,0.0,257,,,,,,,
2026-05-26T22:35:16+00:00,frontend_mentor,qwen3-coder:30b,mentor_question_266,mentor_question_group_054,tr,True,False,True,50.0,F,7.267407,0.0,281,,,,,,tr_language_mismatch;english_leakage,
2026-05-26T22:35:25+00:00,frontend_mentor,qwen3-coder:30b,mentor_question_267,mentor_question_group_054,tr,True,True,True,100.0,A,9.154438,0.0,179,,,,,,,
2026-05-26T22:35:33+00:00,frontend_mentor,qwen3-coder:30b,mentor_question_268,mentor_question_group_054,tr,True,True,True,100.0,A,8.408671,0.0,165,,,,,,,
2026-05-26T22:35:46+00:00,frontend_mentor,qwen3-coder:30b,mentor_question_269,mentor_question_group_054,tr,True,False,True,75.0,C,12.92876,0.0,49,,,,,,tr_language_mismatch,
2026-05-26T22:35:55+00:00,frontend_mentor,qwen3-coder:30b,mentor_question_270,mentor_question_group_054,tr,True,True,True,100.0,A,8.633081,0.0,364,,,,,,,
2026-05-26T22:36:08+00:00,frontend_mentor,qwen3-coder:30b,mentor_question_271,mentor_question_group_055,tr,True,False,True,75.0,C,13.420914,0.0,49,,,,,,tr_language_mismatch,
2026-05-26T22:36:14+00:00,frontend_mentor,qwen3-coder:30b,mentor_question_272,mentor_question_group_055,tr,True,True,True,100.0,A,5.967454,0.0,269,,,,,,,
2026-05-26T22:36:21+00:00,frontend_mentor,qwen3-coder:30b,mentor_question_273,mentor_question_group_055,tr,True,True,True,100.0,A,7.304264,0.0,236,,,,,,,
2026-05-26T22:36:29+00:00,frontend_mentor,qwen3-coder:30b,mentor_question_274,mentor_question_group_055,tr,True,True,True,100.0,A,7.819772,0.0,321,,,,,,,
2026-05-26T22:36:35+00:00,frontend_mentor,qwen3-coder:30b,mentor_question_275,mentor_question_group_055,tr,True,True,True,100.0,A,6.27214,0.0,356,,,,,,,
2026-05-26T22:36:42+00:00,frontend_mentor,qwen3-coder:30b,mentor_question_276,mentor_question_group_056,tr,True,True,True,100.0,A,7.059711,0.0,178,,,,,,,
2026-05-26T22:36:53+00:00,frontend_mentor,qwen3-coder:30b,mentor_question_277,mentor_question_group_056,tr,True,True,True,100.0,A,10.77599,0.0,282,,,,,,,
2026-05-26T22:37:07+00:00,frontend_mentor,qwen3-coder:30b,mentor_question_278,mentor_question_group_056,tr,True,True,True,100.0,A,13.525224,0.0,434,,,,,,,
2026-05-26T22:37:14+00:00,frontend_mentor,qwen3-coder:30b,mentor_question_279,mentor_question_group_056,tr,True,True,True,100.0,A,6.823411,0.0,349,,,,,,,
2026-05-26T22:37:22+00:00,frontend_mentor,qwen3-coder:30b,mentor_question_280,mentor_question_group_056,tr,True,True,True,100.0,A,8.661776,0.0,349,,,,,,,
2026-05-26T22:37:33+00:00,frontend_mentor,qwen3-coder:30b,mentor_question_281,mentor_question_group_057,tr,True,True,True,100.0,A,10.552273,0.0,426,,,,,,,
2026-05-26T22:37:44+00:00,frontend_mentor,qwen3-coder:30b,mentor_question_282,mentor_question_group_057,tr,True,True,True,100.0,A,11.374694,0.0,913,,,,,,,
2026-05-26T22:37:51+00:00,frontend_mentor,qwen3-coder:30b,mentor_question_283,mentor_question_group_057,en,True,False,True,75.0,C,6.805471,0.0,349,,,,,,en_language_mismatch,
2026-05-26T22:38:03+00:00,frontend_mentor,qwen3-coder:30b,mentor_question_284,mentor_question_group_057,tr,True,True,True,100.0,A,11.852248,0.0,266,,,,,,,
2026-05-26T22:38:10+00:00,frontend_mentor,qwen3-coder:30b,mentor_question_285,mentor_question_group_057,tr,True,True,True,100.0,A,6.826843,0.0,349,,,,,,,
2026-05-26T22:38:23+00:00,frontend_mentor,qwen3-coder:30b,mentor_question_286,mentor_question_group_058,tr,True,True,True,100.0,A,12.938623,0.0,360,,,,,,,
2026-05-26T22:38:30+00:00,frontend_mentor,qwen3-coder:30b,mentor_question_287,mentor_question_group_058,tr,True,True,True,100.0,A,7.367998,0.0,349,,,,,,,
2026-05-26T22:38:39+00:00,frontend_mentor,qwen3-coder:30b,mentor_question_288,mentor_question_group_058,tr,True,True,True,100.0,A,8.969907,0.0,330,,,,,,,
2026-05-26T22:38:54+00:00,frontend_mentor,qwen3-coder:30b,mentor_question_289,mentor_question_group_058,tr,True,False,True,75.0,C,15.082108,0.0,49,,,,,,tr_language_mismatch,
2026-05-26T22:39:03+00:00,frontend_mentor,qwen3-coder:30b,mentor_question_290,mentor_question_group_058,en,True,False,True,75.0,C,8.666218,0.0,312,,,,,,en_language_mismatch,
2026-05-26T22:39:11+00:00,frontend_mentor,qwen3-coder:30b,mentor_question_291,mentor_question_group_059,tr,True,True,True,100.0,A,8.402567,0.0,311,,,,,,,
2026-05-26T22:39:20+00:00,frontend_mentor,qwen3-coder:30b,mentor_question_292,mentor_question_group_059,en,True,True,True,100.0,A,8.717443,0.0,120,,,,,,,
2026-05-26T22:39:28+00:00,frontend_mentor,qwen3-coder:30b,mentor_question_293,mentor_question_group_059,tr,True,True,True,100.0,A,8.143754,0.0,311,,,,,,,
2026-05-26T22:39:42+00:00,frontend_mentor,qwen3-coder:30b,mentor_question_294,mentor_question_group_059,tr,True,True,True,100.0,A,14.317622,0.0,188,,,,,,,
2026-05-26T22:39:50+00:00,frontend_mentor,qwen3-coder:30b,mentor_question_295,mentor_question_group_059,tr,True,True,True,100.0,A,7.926802,0.0,311,,,,,,,
2026-05-26T22:39:57+00:00,frontend_mentor,qwen3-coder:30b,mentor_question_296,mentor_question_group_060,en,True,True,True,100.0,A,7.116463,0.0,331,,,,,,,
2026-05-26T22:40:06+00:00,frontend_mentor,qwen3-coder:30b,mentor_question_297,mentor_question_group_060,en,True,True,True,100.0,A,8.777048,0.0,49,,,,,,,
2026-05-26T22:40:13+00:00,frontend_mentor,qwen3-coder:30b,mentor_question_298,mentor_question_group_060,en,True,True,True,100.0,A,7.137972,0.0,330,,,,,,,
2026-05-26T22:40:20+00:00,frontend_mentor,qwen3-coder:30b,mentor_question_299,mentor_question_group_060,en,True,True,True,100.0,A,7.088304,0.0,330,,,,,,,
2026-05-26T22:40:29+00:00,frontend_mentor,qwen3-coder:30b,mentor_question_300,mentor_question_group_060,en,True,True,True,100.0,A,8.18265,0.0,49,,,,,,,
2026-05-26T22:40:37+00:00,frontend_mentor,qwen3-coder:30b,mentor_question_301,mentor_question_group_061,en,True,False,True,75.0,C,8.165556,0.0,204,,,,,,en_language_mismatch,
2026-05-26T22:40:42+00:00,frontend_mentor,qwen3-coder:30b,mentor_question_302,mentor_question_group_061,en,True,False,True,75.0,C,5.755642,0.0,242,,,,,,en_language_mismatch,
2026-05-26T22:40:50+00:00,frontend_mentor,qwen3-coder:30b,mentor_question_303,mentor_question_group_061,tr,True,False,True,50.0,F,7.686858,0.0,480,,,,,,tr_language_mismatch;english_leakage,
2026-05-26T22:40:59+00:00,frontend_mentor,qwen3-coder:30b,mentor_question_304,mentor_question_group_061,tr,True,True,True,100.0,A,9.220421,0.0,236,,,,,,,
2026-05-26T22:41:06+00:00,frontend_mentor,qwen3-coder:30b,mentor_question_305,mentor_question_group_061,en,True,False,True,75.0,C,6.876901,0.0,364,,,,,,en_language_mismatch,
2026-05-26T22:41:16+00:00,frontend_mentor,qwen3-coder:30b,mentor_question_306,mentor_question_group_062,tr,True,True,True,100.0,A,9.810931,0.0,328,,,,,,,
2026-05-26T22:41:28+00:00,frontend_mentor,qwen3-coder:30b,mentor_question_307,mentor_question_group_062,en,True,False,True,75.0,C,11.687279,0.0,306,,,,,,en_language_mismatch,
2026-05-26T22:41:43+00:00,frontend_mentor,qwen3-coder:30b,mentor_question_308,mentor_question_group_062,tr,True,True,True,100.0,A,14.923895,0.0,383,,,,,,,
2026-05-26T22:41:56+00:00,frontend_mentor,qwen3-coder:30b,mentor_question_309,mentor_question_group_062,tr,True,True,True,100.0,A,13.606619,0.0,389,,,,,,,
2026-05-26T22:42:08+00:00,frontend_mentor,qwen3-coder:30b,mentor_question_310,mentor_question_group_062,tr,True,True,True,100.0,A,11.99175,0.0,330,,,,,,,
2026-05-26T22:42:24+00:00,frontend_mentor,qwen3-coder:30b,mentor_question_311,mentor_question_group_063,tr,True,False,True,75.0,C,15.43829,0.0,49,,,,,,tr_language_mismatch,
2026-05-26T22:42:36+00:00,frontend_mentor,qwen3-coder:30b,mentor_question_312,mentor_question_group_063,tr,True,True,True,100.0,A,11.979948,0.0,351,,,,,,,
2026-05-26T22:42:57+00:00,frontend_mentor,qwen3-coder:30b,mentor_question_313,mentor_question_group_063,en,True,False,True,75.0,C,20.840575,0.0,366,,,,,,en_language_mismatch,
2026-05-26T22:43:12+00:00,frontend_mentor,qwen3-coder:30b,mentor_question_314,mentor_question_group_063,tr,True,True,False,70.0,C,15.676512,0.0,585,,,,,,runtime_guess,
2026-05-26T22:43:23+00:00,frontend_mentor,qwen3-coder:30b,mentor_question_315,mentor_question_group_063,tr,True,True,False,70.0,C,10.627446,0.0,564,,,,,,runtime_guess,
2026-05-26T22:43:37+00:00,frontend_mentor,qwen3-coder:30b,mentor_question_316,mentor_question_group_064,en,True,False,True,75.0,C,14.651831,0.0,371,,,,,,en_language_mismatch,
2026-05-26T22:43:51+00:00,frontend_mentor,qwen3-coder:30b,mentor_question_317,mentor_question_group_064,tr,True,True,True,100.0,A,13.063124,0.0,245,,,,,,,
2026-05-26T22:44:02+00:00,frontend_mentor,qwen3-coder:30b,mentor_question_318,mentor_question_group_064,en,True,False,True,75.0,C,11.737128,0.0,324,,,,,,en_language_mismatch,
2026-05-26T22:45:00+00:00,frontend_mentor,qwen3-coder:30b,mentor_question_319,mentor_question_group_064,tr,True,True,False,85.0,B,57.90525,0.0,4836,,,,,,too_long,
2026-05-26T22:45:10+00:00,frontend_mentor,qwen3-coder:30b,mentor_question_320,mentor_question_group_064,tr,True,True,True,100.0,A,10.143106,0.0,737,,,,,,,
2026-05-26T22:45:25+00:00,frontend_mentor,qwen3-coder:30b,mentor_question_321,mentor_question_group_065,en,True,True,True,100.0,A,14.902978,0.0,49,,,,,,,
2026-05-26T22:45:37+00:00,frontend_mentor,qwen3-coder:30b,mentor_question_322,mentor_question_group_065,tr,True,False,True,75.0,C,12.271582,0.0,49,,,,,,tr_language_mismatch,
2026-05-26T22:45:54+00:00,frontend_mentor,qwen3-coder:30b,mentor_question_323,mentor_question_group_065,tr,True,True,True,100.0,A,16.27711,0.0,426,,,,,,,
2026-05-26T22:46:02+00:00,frontend_mentor,qwen3-coder:30b,mentor_question_324,mentor_question_group_065,tr,True,True,True,100.0,A,7.984619,0.0,250,,,,,,,
2026-05-26T22:46:18+00:00,frontend_mentor,qwen3-coder:30b,mentor_question_325,mentor_question_group_065,en,True,False,True,75.0,C,16.31451,0.0,703,,,,,,en_language_mismatch,
2026-05-26T22:46:35+00:00,frontend_mentor,qwen3-coder:30b,mentor_question_326,mentor_question_group_066,tr,True,True,True,100.0,A,16.566863,0.0,238,,,,,,,
2026-05-26T22:46:42+00:00,frontend_mentor,qwen3-coder:30b,mentor_question_327,mentor_question_group_066,tr,True,True,True,100.0,A,7.702726,0.0,361,,,,,,,
2026-05-26T22:46:51+00:00,frontend_mentor,qwen3-coder:30b,mentor_question_328,mentor_question_group_066,tr,True,True,True,100.0,A,9.076049,0.0,488,,,,,,,
2026-05-26T22:47:04+00:00,frontend_mentor,qwen3-coder:30b,mentor_question_329,mentor_question_group_066,tr,True,True,True,100.0,A,12.816209,0.0,1011,,,,,,,
2026-05-26T22:47:14+00:00,frontend_mentor,qwen3-coder:30b,mentor_question_330,mentor_question_group_066,tr,True,True,True,100.0,A,9.324551,0.0,610,,,,,,,
2026-05-26T22:47:20+00:00,frontend_mentor,qwen3-coder:30b,mentor_question_331,mentor_question_group_067,tr,True,True,True,100.0,A,6.618866,0.0,374,,,,,,,
2026-05-26T22:47:28+00:00,frontend_mentor,qwen3-coder:30b,mentor_question_332,mentor_question_group_067,tr,True,True,True,100.0,A,8.242561,0.0,291,,,,,,,
2026-05-26T22:47:40+00:00,frontend_mentor,qwen3-coder:30b,mentor_question_333,mentor_question_group_067,tr,True,True,True,100.0,A,11.299199,0.0,232,,,,,,,
2026-05-26T22:47:50+00:00,frontend_mentor,qwen3-coder:30b,mentor_question_334,mentor_question_group_067,en,True,False,True,75.0,C,10.66533,0.0,695,,,,,,en_language_mismatch,
2026-05-26T22:48:06+00:00,frontend_mentor,qwen3-coder:30b,mentor_question_335,mentor_question_group_067,tr,True,True,True,100.0,A,16.108514,0.0,319,,,,,,,
2026-05-26T22:48:16+00:00,frontend_mentor,qwen3-coder:30b,mentor_question_336,mentor_question_group_068,tr,True,False,True,75.0,C,9.92711,0.0,49,,,,,,tr_language_mismatch,
2026-05-26T22:48:28+00:00,frontend_mentor,qwen3-coder:30b,mentor_question_337,mentor_question_group_068,tr,True,True,True,100.0,A,11.776867,0.0,572,,,,,,,
2026-05-26T22:48:38+00:00,frontend_mentor,qwen3-coder:30b,mentor_question_338,mentor_question_group_068,tr,True,True,True,100.0,A,9.883352,0.0,462,,,,,,,
2026-05-26T22:48:48+00:00,frontend_mentor,qwen3-coder:30b,mentor_question_339,mentor_question_group_068,tr,True,True,True,100.0,A,9.674972,0.0,454,,,,,,,
2026-05-26T22:49:03+00:00,frontend_mentor,qwen3-coder:30b,mentor_question_340,mentor_question_group_068,tr,True,True,True,100.0,A,14.790585,0.0,145,,,,,,,
2026-05-26T22:49:11+00:00,frontend_mentor,qwen3-coder:30b,mentor_question_341,mentor_question_group_069,en,True,False,True,75.0,C,8.857337,0.0,572,,,,,,en_language_mismatch,
2026-05-26T22:49:20+00:00,frontend_mentor,qwen3-coder:30b,mentor_question_342,mentor_question_group_069,en,True,False,True,75.0,C,8.525525,0.0,479,,,,,,en_language_mismatch,
2026-05-26T22:49:30+00:00,frontend_mentor,qwen3-coder:30b,mentor_question_343,mentor_question_group_069,tr,True,True,True,100.0,A,10.430579,0.0,649,,,,,,,
2026-05-26T22:49:38+00:00,frontend_mentor,qwen3-coder:30b,mentor_question_344,mentor_question_group_069,tr,True,True,True,100.0,A,8.01412,0.0,739,,,,,,,
2026-05-26T22:49:48+00:00,frontend_mentor,qwen3-coder:30b,mentor_question_345,mentor_question_group_069,en,True,False,True,75.0,C,9.63651,0.0,968,,,,,,en_language_mismatch,
2026-05-26T22:49:58+00:00,frontend_mentor,qwen3-coder:30b,mentor_question_346,mentor_question_group_070,en,True,False,True,75.0,C,9.599004,0.0,627,,,,,,en_language_mismatch,
2026-05-26T22:50:07+00:00,frontend_mentor,qwen3-coder:30b,mentor_question_347,mentor_question_group_070,tr,True,True,False,70.0,C,9.135669,0.0,1006,,,,,,runtime_guess,
2026-05-26T22:50:17+00:00,frontend_mentor,qwen3-coder:30b,mentor_question_348,mentor_question_group_070,tr,True,True,True,100.0,A,10.130584,0.0,509,,,,,,,
2026-05-26T22:50:27+00:00,frontend_mentor,qwen3-coder:30b,mentor_question_349,mentor_question_group_070,en,True,False,True,75.0,C,10.150896,0.0,684,,,,,,en_language_mismatch,
2026-05-26T22:50:39+00:00,frontend_mentor,qwen3-coder:30b,mentor_question_350,mentor_question_group_070,tr,True,True,True,100.0,A,11.488907,0.0,877,,,,,,,
2026-05-26T22:50:48+00:00,frontend_mentor,qwen3-coder:30b,mentor_question_351,mentor_question_group_071,en,True,False,False,45.0,F,9.969025,0.0,708,,,,,,en_language_mismatch;runtime_guess,
2026-05-26T22:50:59+00:00,frontend_mentor,qwen3-coder:30b,mentor_question_352,mentor_question_group_071,en,True,False,True,75.0,C,10.989483,0.0,756,,,,,,en_language_mismatch,
2026-05-26T22:51:12+00:00,frontend_mentor,qwen3-coder:30b,mentor_question_353,mentor_question_group_071,tr,True,True,True,100.0,A,12.058298,0.0,956,,,,,,,
2026-05-26T22:51:21+00:00,frontend_mentor,qwen3-coder:30b,mentor_question_354,mentor_question_group_071,en,True,False,True,75.0,C,9.132777,0.0,662,,,,,,en_language_mismatch,
2026-05-26T22:51:32+00:00,frontend_mentor,qwen3-coder:30b,mentor_question_355,mentor_question_group_071,tr,True,True,True,100.0,A,11.055623,0.0,856,,,,,,,
2026-05-26T22:51:42+00:00,frontend_mentor,qwen3-coder:30b,mentor_question_356,mentor_question_group_072,en,True,False,True,75.0,C,9.989634,0.0,707,,,,,,en_language_mismatch,
2026-05-26T22:51:52+00:00,frontend_mentor,qwen3-coder:30b,mentor_question_357,mentor_question_group_072,en,True,False,True,75.0,C,10.257159,0.0,813,,,,,,en_language_mismatch,
2026-05-26T22:52:00+00:00,frontend_mentor,qwen3-coder:30b,mentor_question_358,mentor_question_group_072,tr,True,True,True,100.0,A,8.087491,0.0,517,,,,,,,
2026-05-26T22:52:11+00:00,frontend_mentor,qwen3-coder:30b,mentor_question_359,mentor_question_group_072,tr,True,True,True,100.0,A,10.452074,0.0,429,,,,,,,
2026-05-26T22:52:26+00:00,frontend_mentor,qwen3-coder:30b,mentor_question_360,mentor_question_group_072,tr,True,True,True,100.0,A,15.946087,0.0,295,,,,,,,
2026-05-26T22:52:36+00:00,frontend_mentor,qwen3-coder:30b,mentor_question_361,mentor_question_group_073,en,True,False,True,75.0,C,9.175856,0.0,647,,,,,,en_language_mismatch,
2026-05-26T22:52:43+00:00,frontend_mentor,qwen3-coder:30b,mentor_question_362,mentor_question_group_073,tr,True,True,True,100.0,A,7.020683,0.0,646,,,,,,,
2026-05-26T22:52:52+00:00,frontend_mentor,qwen3-coder:30b,mentor_question_363,mentor_question_group_073,tr,True,True,True,100.0,A,9.142253,0.0,639,,,,,,,
2026-05-26T22:53:03+00:00,frontend_mentor,qwen3-coder:30b,mentor_question_364,mentor_question_group_073,en,True,False,False,45.0,F,11.071762,0.0,838,,,,,,en_language_mismatch;runtime_guess,
2026-05-26T22:53:15+00:00,frontend_mentor,qwen3-coder:30b,mentor_question_365,mentor_question_group_073,tr,True,True,True,100.0,A,12.388289,0.0,792,,,,,,,
2026-05-26T22:53:23+00:00,frontend_mentor,qwen3-coder:30b,mentor_question_366,mentor_question_group_074,tr,True,True,True,100.0,A,7.249457,0.0,415,,,,,,,
2026-05-26T22:53:36+00:00,frontend_mentor,qwen3-coder:30b,mentor_question_367,mentor_question_group_074,tr,True,True,True,100.0,A,13.797679,0.0,1333,,,,,,,
2026-05-26T22:53:50+00:00,frontend_mentor,qwen3-coder:30b,mentor_question_368,mentor_question_group_074,en,True,False,False,45.0,F,13.710636,0.0,393,,,,,,en_language_mismatch;runtime_guess,
2026-05-26T22:54:02+00:00,frontend_mentor,qwen3-coder:30b,mentor_question_369,mentor_question_group_074,en,True,False,True,75.0,C,12.416388,0.0,971,,,,,,en_language_mismatch,
2026-05-26T22:54:17+00:00,frontend_mentor,qwen3-coder:30b,mentor_question_370,mentor_question_group_074,en,True,False,True,75.0,C,14.51312,0.0,281,,,,,,en_language_mismatch,
2026-05-26T22:54:26+00:00,frontend_mentor,qwen3-coder:30b,mentor_question_371,mentor_question_group_075,en,True,False,True,75.0,C,8.644796,0.0,574,,,,,,en_language_mismatch,
2026-05-26T22:54:39+00:00,frontend_mentor,qwen3-coder:30b,mentor_question_372,mentor_question_group_075,tr,True,True,True,100.0,A,13.715938,0.0,1278,,,,,,,
2026-05-26T22:54:49+00:00,frontend_mentor,qwen3-coder:30b,mentor_question_373,mentor_question_group_075,en,True,False,True,75.0,C,9.20137,0.0,543,,,,,,en_language_mismatch,
2026-05-26T22:54:58+00:00,frontend_mentor,qwen3-coder:30b,mentor_question_374,mentor_question_group_075,tr,True,True,True,100.0,A,9.109816,0.0,814,,,,,,,
2026-05-26T22:55:07+00:00,frontend_mentor,qwen3-coder:30b,mentor_question_375,mentor_question_group_075,tr,True,True,False,70.0,C,9.082967,0.0,551,,,,,,runtime_guess,
2026-05-26T22:55:16+00:00,frontend_mentor,qwen3-coder:30b,mentor_question_376,mentor_question_group_076,tr,True,True,True,100.0,A,9.187978,0.0,641,,,,,,,
2026-05-26T22:55:31+00:00,frontend_mentor,qwen3-coder:30b,mentor_question_377,mentor_question_group_076,tr,True,True,True,100.0,A,15.193789,0.0,256,,,,,,,
2026-05-26T22:55:44+00:00,frontend_mentor,qwen3-coder:30b,mentor_question_378,mentor_question_group_076,en,True,False,True,75.0,C,12.710465,0.0,1047,,,,,,en_language_mismatch,
2026-05-26T22:55:54+00:00,frontend_mentor,qwen3-coder:30b,mentor_question_379,mentor_question_group_076,en,True,False,False,45.0,F,9.990006,0.0,332,,,,,,en_language_mismatch;runtime_guess,
2026-05-26T22:56:03+00:00,frontend_mentor,qwen3-coder:30b,mentor_question_380,mentor_question_group_076,tr,True,True,True,100.0,A,8.924394,0.0,544,,,,,,,
2026-05-26T22:56:14+00:00,frontend_mentor,qwen3-coder:30b,mentor_question_381,mentor_question_group_077,en,True,False,True,75.0,C,11.364359,0.0,867,,,,,,en_language_mismatch,
2026-05-26T22:56:28+00:00,frontend_mentor,qwen3-coder:30b,mentor_question_382,mentor_question_group_077,en,True,False,True,75.0,C,14.282774,0.0,794,,,,,,en_language_mismatch,
2026-05-26T22:56:39+00:00,frontend_mentor,qwen3-coder:30b,mentor_question_383,mentor_question_group_077,tr,True,True,True,100.0,A,11.077022,0.0,572,,,,,,,
2026-05-26T22:56:51+00:00,frontend_mentor,qwen3-coder:30b,mentor_question_384,mentor_question_group_077,tr,True,True,True,100.0,A,11.586476,0.0,689,,,,,,,
2026-05-26T22:57:03+00:00,frontend_mentor,qwen3-coder:30b,mentor_question_385,mentor_question_group_077,en,True,False,False,45.0,F,11.732736,0.0,550,,,,,,en_language_mismatch;runtime_guess,
2026-05-26T22:57:15+00:00,frontend_mentor,qwen3-coder:30b,mentor_question_386,mentor_question_group_078,en,True,False,False,45.0,F,11.872105,0.0,560,,,,,,en_language_mismatch;runtime_guess,
2026-05-26T22:57:27+00:00,frontend_mentor,qwen3-coder:30b,mentor_question_387,mentor_question_group_078,tr,True,True,False,70.0,C,12.43661,0.0,824,,,,,,runtime_guess,
2026-05-26T22:57:35+00:00,frontend_mentor,qwen3-coder:30b,mentor_question_388,mentor_question_group_078,tr,True,True,False,70.0,C,8.114424,0.0,485,,,,,,runtime_guess,
2026-05-26T22:57:48+00:00,frontend_mentor,qwen3-coder:30b,mentor_question_389,mentor_question_group_078,tr,True,True,False,70.0,C,13.23866,0.0,693,,,,,,runtime_guess,
2026-05-26T22:58:00+00:00,frontend_mentor,qwen3-coder:30b,mentor_question_390,mentor_question_group_078,tr,True,True,True,100.0,A,11.088933,0.0,717,,,,,,,
2026-05-26T22:58:17+00:00,frontend_mentor,qwen3-coder:30b,mentor_question_391,mentor_question_group_079,tr,True,False,True,75.0,C,17.804339,0.0,49,,,,,,tr_language_mismatch,
2026-05-26T22:58:29+00:00,frontend_mentor,qwen3-coder:30b,mentor_question_392,mentor_question_group_079,tr,True,True,False,70.0,C,11.67469,0.0,551,,,,,,runtime_guess,
2026-05-26T22:58:45+00:00,frontend_mentor,qwen3-coder:30b,mentor_question_393,mentor_question_group_079,en,True,False,False,45.0,F,15.74873,0.0,1256,,,,,,en_language_mismatch;runtime_guess,
2026-05-26T22:59:00+00:00,frontend_mentor,qwen3-coder:30b,mentor_question_394,mentor_question_group_079,en,True,False,False,45.0,F,14.769587,0.0,973,,,,,,en_language_mismatch;runtime_guess,
2026-05-26T22:59:15+00:00,frontend_mentor,qwen3-coder:30b,mentor_question_395,mentor_question_group_079,tr,True,True,False,70.0,C,15.460244,0.0,249,,,,,,runtime_guess,
2026-05-26T22:59:26+00:00,frontend_mentor,qwen3-coder:30b,mentor_question_396,mentor_question_group_080,tr,True,True,False,70.0,C,10.643076,0.0,666,,,,,,runtime_guess,
2026-05-26T22:59:35+00:00,frontend_mentor,qwen3-coder:30b,mentor_question_397,mentor_question_group_080,en,True,False,True,75.0,C,9.532251,0.0,535,,,,,,en_language_mismatch,
2026-05-26T22:59:53+00:00,frontend_mentor,qwen3-coder:30b,mentor_question_398,mentor_question_group_080,en,True,False,True,75.0,C,17.721872,0.0,221,,,,,,en_language_mismatch,
2026-05-26T23:00:03+00:00,frontend_mentor,qwen3-coder:30b,mentor_question_399,mentor_question_group_080,tr,True,True,True,100.0,A,10.05076,0.0,726,,,,,,,
2026-05-26T23:00:16+00:00,frontend_mentor,qwen3-coder:30b,mentor_question_400,mentor_question_group_080,tr,True,False,True,75.0,C,12.789669,0.0,49,,,,,,tr_language_mismatch,
2026-05-26T23:00:27+00:00,frontend_mentor,qwen3-coder:30b,mentor_question_401,mentor_question_group_081,tr,True,True,True,100.0,A,11.706153,0.0,557,,,,,,,
2026-05-26T23:00:36+00:00,frontend_mentor,qwen3-coder:30b,mentor_question_402,mentor_question_group_081,tr,True,True,True,100.0,A,8.950239,0.0,520,,,,,,,
2026-05-26T23:00:52+00:00,frontend_mentor,qwen3-coder:30b,mentor_question_403,mentor_question_group_081,tr,True,True,True,100.0,A,15.253207,0.0,939,,,,,,,
2026-05-26T23:01:08+00:00,frontend_mentor,qwen3-coder:30b,mentor_question_404,mentor_question_group_081,tr,True,True,True,100.0,A,16.123684,0.0,482,,,,,,,
2026-05-26T23:01:21+00:00,frontend_mentor,qwen3-coder:30b,mentor_question_405,mentor_question_group_081,en,True,False,True,75.0,C,12.978164,0.0,687,,,,,,en_language_mismatch,
2026-05-26T23:01:28+00:00,frontend_mentor,qwen3-coder:30b,mentor_question_406,mentor_question_group_082,tr,True,True,False,55.0,F,7.610048,0.0,403,,,,,,solution_language,
2026-05-26T23:01:45+00:00,frontend_mentor,qwen3-coder:30b,mentor_question_407,mentor_question_group_082,en,True,True,True,100.0,A,16.328809,0.0,49,,,,,,,
2026-05-26T23:01:53+00:00,frontend_mentor,qwen3-coder:30b,mentor_question_408,mentor_question_group_082,en,True,False,True,75.0,C,7.88244,0.0,395,,,,,,en_language_mismatch,
2026-05-26T23:02:02+00:00,frontend_mentor,qwen3-coder:30b,mentor_question_409,mentor_question_group_082,tr,True,True,True,100.0,A,8.964507,0.0,459,,,,,,,
2026-05-26T23:02:12+00:00,frontend_mentor,qwen3-coder:30b,mentor_question_410,mentor_question_group_082,tr,True,True,False,55.0,F,10.614882,0.0,629,,,,,,solution_language,
2026-05-26T23:02:19+00:00,frontend_mentor,qwen3-coder:30b,mentor_question_411,mentor_question_group_083,tr,True,True,True,100.0,A,6.790806,0.0,363,,,,,,,
2026-05-26T23:02:23+00:00,frontend_mentor,qwen3-coder:30b,mentor_question_412,mentor_question_group_083,tr,True,True,True,100.0,A,4.317406,0.0,108,,,,,,,
2026-05-26T23:02:34+00:00,frontend_mentor,qwen3-coder:30b,mentor_question_413,mentor_question_group_083,tr,True,True,True,100.0,A,11.138063,0.0,133,,,,,,,
2026-05-26T23:02:44+00:00,frontend_mentor,qwen3-coder:30b,mentor_question_414,mentor_question_group_083,tr,True,True,True,100.0,A,9.293409,0.0,355,,,,,,,
2026-05-26T23:02:53+00:00,frontend_mentor,qwen3-coder:30b,mentor_question_415,mentor_question_group_083,tr,True,True,True,100.0,A,9.566474,0.0,302,,,,,,,
2026-05-26T23:03:01+00:00,frontend_mentor,qwen3-coder:30b,mentor_question_416,mentor_question_group_084,tr,True,True,True,100.0,A,7.335212,0.0,366,,,,,,,
2026-05-26T23:03:09+00:00,frontend_mentor,qwen3-coder:30b,mentor_question_417,mentor_question_group_084,tr,True,True,True,100.0,A,8.687452,0.0,660,,,,,,,
2026-05-26T23:03:16+00:00,frontend_mentor,qwen3-coder:30b,mentor_question_418,mentor_question_group_084,en,True,True,True,100.0,A,6.812742,0.0,233,,,,,,,
2026-05-26T23:03:25+00:00,frontend_mentor,qwen3-coder:30b,mentor_question_419,mentor_question_group_084,tr,True,True,True,100.0,A,8.97777,0.0,640,,,,,,,
2026-05-26T23:03:32+00:00,frontend_mentor,qwen3-coder:30b,mentor_question_420,mentor_question_group_084,tr,True,True,True,100.0,A,7.120134,0.0,377,,,,,,,
2026-05-26T23:03:39+00:00,frontend_mentor,qwen3-coder:30b,mentor_question_421,mentor_question_group_085,en,True,False,True,75.0,C,6.553086,0.0,384,,,,,,en_language_mismatch,
2026-05-26T23:03:48+00:00,frontend_mentor,qwen3-coder:30b,mentor_question_422,mentor_question_group_085,en,True,False,True,75.0,C,9.621188,0.0,528,,,,,,en_language_mismatch,
2026-05-26T23:03:54+00:00,frontend_mentor,qwen3-coder:30b,mentor_question_423,mentor_question_group_085,tr,True,True,True,100.0,A,5.722564,0.0,238,,,,,,,
2026-05-26T23:04:07+00:00,frontend_mentor,qwen3-coder:30b,mentor_question_424,mentor_question_group_085,en,True,True,True,100.0,A,12.84738,0.0,49,,,,,,,
2026-05-26T23:04:22+00:00,frontend_mentor,qwen3-coder:30b,mentor_question_425,mentor_question_group_085,en,True,True,True,100.0,A,14.936733,0.0,731,,,,,,,
2026-05-26T23:04:35+00:00,frontend_mentor,qwen3-coder:30b,mentor_question_426,mentor_question_group_086,tr,True,True,True,100.0,A,13.173244,0.0,204,,,,,,,
2026-05-26T23:04:46+00:00,frontend_mentor,qwen3-coder:30b,mentor_question_427,mentor_question_group_086,tr,True,True,True,100.0,A,11.376223,0.0,253,,,,,,,
2026-05-26T23:04:59+00:00,frontend_mentor,qwen3-coder:30b,mentor_question_428,mentor_question_group_086,tr,True,True,True,100.0,A,12.988975,0.0,259,,,,,,,
2026-05-26T23:05:12+00:00,frontend_mentor,qwen3-coder:30b,mentor_question_429,mentor_question_group_086,tr,True,True,True,100.0,A,13.087068,0.0,246,,,,,,,
2026-05-26T23:05:22+00:00,frontend_mentor,qwen3-coder:30b,mentor_question_430,mentor_question_group_086,tr,True,True,True,100.0,A,9.867463,0.0,513,,,,,,,
2026-05-26T23:05:37+00:00,frontend_mentor,qwen3-coder:30b,mentor_question_431,mentor_question_group_087,tr,True,False,True,75.0,C,14.906036,0.0,49,,,,,,tr_language_mismatch,
2026-05-26T23:05:51+00:00,frontend_mentor,qwen3-coder:30b,mentor_question_432,mentor_question_group_087,tr,True,False,True,75.0,C,13.725583,0.0,49,,,,,,tr_language_mismatch,
2026-05-26T23:05:57+00:00,frontend_mentor,qwen3-coder:30b,mentor_question_433,mentor_question_group_087,tr,True,True,True,100.0,A,5.975401,0.0,54,,,,,,,
2026-05-26T23:06:11+00:00,frontend_mentor,qwen3-coder:30b,mentor_question_434,mentor_question_group_087,tr,True,False,True,75.0,C,14.324856,0.0,49,,,,,,tr_language_mismatch,
2026-05-26T23:06:23+00:00,frontend_mentor,qwen3-coder:30b,mentor_question_435,mentor_question_group_087,tr,True,True,True,100.0,A,12.122701,0.0,210,,,,,,,
2026-05-26T23:06:37+00:00,frontend_mentor,qwen3-coder:30b,mentor_question_436,mentor_question_group_088,tr,True,True,False,55.0,F,13.177543,0.0,355,,,,,,solution_language,
2026-05-26T23:06:48+00:00,frontend_mentor,qwen3-coder:30b,mentor_question_437,mentor_question_group_088,tr,True,True,True,100.0,A,11.343567,0.0,384,,,,,,,
2026-05-26T23:06:57+00:00,frontend_mentor,qwen3-coder:30b,mentor_question_438,mentor_question_group_088,tr,True,True,False,55.0,F,9.314511,0.0,660,,,,,,solution_language,
2026-05-26T23:07:14+00:00,frontend_mentor,qwen3-coder:30b,mentor_question_439,mentor_question_group_088,tr,True,True,True,100.0,A,16.586445,0.0,352,,,,,,,
2026-05-26T23:07:24+00:00,frontend_mentor,qwen3-coder:30b,mentor_question_440,mentor_question_group_088,tr,True,True,False,70.0,C,9.920296,0.0,626,,,,,,runtime_guess,
2026-05-26T23:07:38+00:00,frontend_mentor,qwen3-coder:30b,mentor_question_441,mentor_question_group_089,tr,True,True,True,100.0,A,13.783058,0.0,356,,,,,,,
2026-05-26T23:07:49+00:00,frontend_mentor,qwen3-coder:30b,mentor_question_442,mentor_question_group_089,en,True,False,True,75.0,C,11.318581,0.0,260,,,,,,en_language_mismatch,
2026-05-26T23:08:07+00:00,frontend_mentor,qwen3-coder:30b,mentor_question_443,mentor_question_group_089,tr,True,True,True,100.0,A,18.070877,0.0,395,,,,,,,
2026-05-26T23:08:20+00:00,frontend_mentor,qwen3-coder:30b,mentor_question_444,mentor_question_group_089,tr,True,True,True,100.0,A,13.251182,0.0,1011,,,,,,,
2026-05-26T23:08:32+00:00,frontend_mentor,qwen3-coder:30b,mentor_question_445,mentor_question_group_089,tr,True,True,True,100.0,A,12.078866,0.0,276,,,,,,,
2026-05-26T23:08:50+00:00,frontend_mentor,qwen3-coder:30b,mentor_question_446,mentor_question_group_090,en,True,False,True,75.0,C,18.180269,0.0,319,,,,,,en_language_mismatch,
2026-05-26T23:09:04+00:00,frontend_mentor,qwen3-coder:30b,mentor_question_447,mentor_question_group_090,tr,True,True,True,100.0,A,13.27079,0.0,348,,,,,,,
2026-05-26T23:09:17+00:00,frontend_mentor,qwen3-coder:30b,mentor_question_448,mentor_question_group_090,tr,True,True,False,70.0,C,13.422693,0.0,435,,,,,,runtime_guess,
2026-05-26T23:09:39+00:00,frontend_mentor,qwen3-coder:30b,mentor_question_449,mentor_question_group_090,tr,True,True,True,100.0,A,21.667676,0.0,242,,,,,,,
2026-05-26T23:09:49+00:00,frontend_mentor,qwen3-coder:30b,mentor_question_450,mentor_question_group_090,tr,True,True,True,100.0,A,10.261539,0.0,656,,,,,,,
2026-05-26T23:10:01+00:00,frontend_mentor,qwen3-coder:30b,mentor_question_451,mentor_question_group_091,tr,True,True,True,100.0,A,12.4046,0.0,903,,,,,,,
2026-05-26T23:10:12+00:00,frontend_mentor,qwen3-coder:30b,mentor_question_452,mentor_question_group_091,en,True,False,False,45.0,F,10.138248,0.0,735,,,,,,en_language_mismatch;runtime_guess,
2026-05-26T23:10:21+00:00,frontend_mentor,qwen3-coder:30b,mentor_question_453,mentor_question_group_091,tr,True,True,True,100.0,A,9.444373,0.0,704,,,,,,,
2026-05-26T23:10:30+00:00,frontend_mentor,qwen3-coder:30b,mentor_question_454,mentor_question_group_091,tr,True,True,True,100.0,A,9.37107,0.0,607,,,,,,,
2026-05-26T23:10:44+00:00,frontend_mentor,qwen3-coder:30b,mentor_question_455,mentor_question_group_091,tr,True,True,True,100.0,A,13.337614,0.0,739,,,,,,,
2026-05-26T23:10:58+00:00,frontend_mentor,qwen3-coder:30b,mentor_question_456,mentor_question_group_092,en,True,False,True,75.0,C,13.800527,0.0,261,,,,,,en_language_mismatch,
2026-05-26T23:11:10+00:00,frontend_mentor,qwen3-coder:30b,mentor_question_457,mentor_question_group_092,tr,True,True,False,70.0,C,12.35683,0.0,733,,,,,,runtime_guess,
2026-05-26T23:11:26+00:00,frontend_mentor,qwen3-coder:30b,mentor_question_458,mentor_question_group_092,tr,True,True,True,100.0,A,15.966262,0.0,871,,,,,,,
2026-05-26T23:11:44+00:00,frontend_mentor,qwen3-coder:30b,mentor_question_459,mentor_question_group_092,tr,True,True,True,100.0,A,17.614621,0.0,356,,,,,,,
2026-05-26T23:12:04+00:00,frontend_mentor,qwen3-coder:30b,mentor_question_460,mentor_question_group_092,en,True,False,True,75.0,C,20.255065,0.0,677,,,,,,en_language_mismatch,
2026-05-26T23:12:19+00:00,frontend_mentor,qwen3-coder:30b,mentor_question_461,mentor_question_group_093,tr,True,True,False,70.0,C,15.239087,0.0,460,,,,,,runtime_guess,
2026-05-26T23:12:30+00:00,frontend_mentor,qwen3-coder:30b,mentor_question_462,mentor_question_group_093,en,True,False,True,75.0,C,11.013169,0.0,634,,,,,,en_language_mismatch,
2026-05-26T23:12:41+00:00,frontend_mentor,qwen3-coder:30b,mentor_question_463,mentor_question_group_093,tr,True,True,True,100.0,A,10.969231,0.0,774,,,,,,,
2026-05-26T23:12:54+00:00,frontend_mentor,qwen3-coder:30b,mentor_question_464,mentor_question_group_093,tr,True,True,True,100.0,A,12.919781,0.0,828,,,,,,,
2026-05-26T23:13:00+00:00,frontend_mentor,qwen3-coder:30b,mentor_question_465,mentor_question_group_093,en,True,False,True,75.0,C,6.277742,0.0,477,,,,,,en_language_mismatch,
2026-05-26T23:13:12+00:00,frontend_mentor,qwen3-coder:30b,mentor_question_466,mentor_question_group_094,tr,True,True,True,100.0,A,11.683856,0.0,530,,,,,,,
2026-05-26T23:13:26+00:00,frontend_mentor,qwen3-coder:30b,mentor_question_467,mentor_question_group_094,tr,True,True,True,100.0,A,13.839795,0.0,733,,,,,,,
2026-05-26T23:13:40+00:00,frontend_mentor,qwen3-coder:30b,mentor_question_468,mentor_question_group_094,tr,True,True,True,100.0,A,14.15878,0.0,888,,,,,,,
2026-05-26T23:13:52+00:00,frontend_mentor,qwen3-coder:30b,mentor_question_469,mentor_question_group_094,tr,True,True,False,70.0,C,11.692119,0.0,482,,,,,,runtime_guess,
2026-05-26T23:14:06+00:00,frontend_mentor,qwen3-coder:30b,mentor_question_470,mentor_question_group_094,tr,True,True,True,100.0,A,14.666822,0.0,266,,,,,,,
2026-05-26T23:14:17+00:00,frontend_mentor,qwen3-coder:30b,mentor_question_471,mentor_question_group_095,tr,True,True,False,70.0,C,10.917475,0.0,474,,,,,,runtime_guess,
2026-05-26T23:14:27+00:00,frontend_mentor,qwen3-coder:30b,mentor_question_472,mentor_question_group_095,en,True,False,True,75.0,C,9.973321,0.0,572,,,,,,en_language_mismatch,
2026-05-26T23:14:38+00:00,frontend_mentor,qwen3-coder:30b,mentor_question_473,mentor_question_group_095,tr,True,True,False,55.0,F,11.087597,0.0,728,,,,,,solution_language,
2026-05-26T23:14:49+00:00,frontend_mentor,qwen3-coder:30b,mentor_question_474,mentor_question_group_095,tr,True,True,False,70.0,C,10.509401,0.0,609,,,,,,runtime_guess,
2026-05-26T23:15:01+00:00,frontend_mentor,qwen3-coder:30b,mentor_question_475,mentor_question_group_095,tr,True,False,True,75.0,C,11.945209,0.0,49,,,,,,tr_language_mismatch,
2026-05-26T23:15:13+00:00,frontend_mentor,qwen3-coder:30b,mentor_question_476,mentor_question_group_096,en,True,False,True,75.0,C,12.078219,0.0,640,,,,,,en_language_mismatch,
2026-05-26T23:15:21+00:00,frontend_mentor,qwen3-coder:30b,mentor_question_477,mentor_question_group_096,en,True,False,True,75.0,C,7.825917,0.0,370,,,,,,en_language_mismatch,
2026-05-26T23:15:27+00:00,frontend_mentor,qwen3-coder:30b,mentor_question_478,mentor_question_group_096,tr,True,True,True,100.0,A,6.902113,0.0,307,,,,,,,
2026-05-26T23:15:39+00:00,frontend_mentor,qwen3-coder:30b,mentor_question_479,mentor_question_group_096,tr,True,True,True,100.0,A,11.086235,0.0,132,,,,,,,
2026-05-26T23:15:49+00:00,frontend_mentor,qwen3-coder:30b,mentor_question_480,mentor_question_group_096,en,True,True,True,100.0,A,10.525428,0.0,188,,,,,,,
2026-05-26T23:16:04+00:00,frontend_mentor,qwen3-coder:30b,mentor_question_481,mentor_question_group_097,tr,True,False,True,75.0,C,14.707145,0.0,49,,,,,,tr_language_mismatch,
2026-05-26T23:16:11+00:00,frontend_mentor,qwen3-coder:30b,mentor_question_482,mentor_question_group_097,tr,True,True,True,100.0,A,7.459225,0.0,361,,,,,,,
2026-05-26T23:16:20+00:00,frontend_mentor,qwen3-coder:30b,mentor_question_483,mentor_question_group_097,en,True,True,True,100.0,A,8.665729,0.0,374,,,,,,,
2026-05-26T23:16:29+00:00,frontend_mentor,qwen3-coder:30b,mentor_question_484,mentor_question_group_097,tr,True,True,True,100.0,A,9.393752,0.0,443,,,,,,,
2026-05-26T23:16:39+00:00,frontend_mentor,qwen3-coder:30b,mentor_question_485,mentor_question_group_097,en,True,True,True,100.0,A,9.314583,0.0,49,,,,,,,
2026-05-26T23:16:50+00:00,frontend_mentor,qwen3-coder:30b,mentor_question_486,mentor_question_group_098,tr,True,False,True,75.0,C,11.153078,0.0,49,,,,,,tr_language_mismatch,
2026-05-26T23:17:06+00:00,frontend_mentor,qwen3-coder:30b,mentor_question_487,mentor_question_group_098,tr,True,False,True,75.0,C,16.599213,0.0,49,,,,,,tr_language_mismatch,
2026-05-26T23:17:28+00:00,frontend_mentor,qwen3-coder:30b,mentor_question_488,mentor_question_group_098,tr,True,False,True,75.0,C,21.3013,0.0,49,,,,,,tr_language_mismatch,
2026-05-26T23:17:35+00:00,frontend_mentor,qwen3-coder:30b,mentor_question_489,mentor_question_group_098,tr,True,True,False,55.0,F,7.785196,0.0,454,,,,,,solution_language,
2026-05-26T23:17:43+00:00,frontend_mentor,qwen3-coder:30b,mentor_question_490,mentor_question_group_098,tr,True,True,True,100.0,A,7.777998,0.0,257,,,,,,,
2026-05-26T23:17:57+00:00,frontend_mentor,qwen3-coder:30b,mentor_question_491,mentor_question_group_099,tr,True,False,True,75.0,C,14.175704,0.0,49,,,,,,tr_language_mismatch,
2026-05-26T23:18:14+00:00,frontend_mentor,qwen3-coder:30b,mentor_question_492,mentor_question_group_099,tr,True,False,True,75.0,C,16.17311,0.0,49,,,,,,tr_language_mismatch,
2026-05-26T23:18:22+00:00,frontend_mentor,qwen3-coder:30b,mentor_question_493,mentor_question_group_099,tr,True,True,True,100.0,A,8.889538,0.0,155,,,,,,,
2026-05-26T23:18:34+00:00,frontend_mentor,qwen3-coder:30b,mentor_question_494,mentor_question_group_099,tr,True,True,True,100.0,A,11.92794,0.0,355,,,,,,,
2026-05-26T23:18:52+00:00,frontend_mentor,qwen3-coder:30b,mentor_question_495,mentor_question_group_099,tr,True,True,False,70.0,C,17.289377,0.0,291,,,,,,runtime_guess,
2026-05-26T23:18:59+00:00,frontend_mentor,qwen3-coder:30b,mentor_question_496,mentor_question_group_100,tr,True,True,True,100.0,A,7.761845,0.0,451,,,,,,,
2026-05-26T23:19:13+00:00,frontend_mentor,qwen3-coder:30b,mentor_question_497,mentor_question_group_100,tr,True,True,True,100.0,A,13.560945,0.0,327,,,,,,,
2026-05-26T23:19:27+00:00,frontend_mentor,qwen3-coder:30b,mentor_question_498,mentor_question_group_100,tr,True,True,True,100.0,A,13.829195,0.0,278,,,,,,,
2026-05-26T23:19:35+00:00,frontend_mentor,qwen3-coder:30b,mentor_question_499,mentor_question_group_100,en,True,True,True,100.0,A,8.624713,0.0,363,,,,,,,
2026-05-26T23:19:45+00:00,frontend_mentor,qwen3-coder:30b,mentor_question_500,mentor_question_group_100,tr,True,True,True,100.0,A,10.025229,0.0,764,,,,,,,
2026-05-26T23:19:48+00:00,frontend_mentor,qwen3.6:27b,mentor_question_001,mentor_question_group_001,en,True,False,True,75.0,C,1.926979,0.0,764,,,,,,en_language_mismatch,
2026-05-26T23:21:48+00:00,frontend_mentor,qwen3.6:27b,mentor_question_002,mentor_question_group_001,en,True,True,True,100.0,A,120.364268,0.0,64,,,,,,,
2026-05-26T23:22:50+00:00,frontend_mentor,qwen3.6:27b,mentor_question_003,mentor_question_group_001,en,True,True,True,100.0,A,62.234255,0.0,64,,,,,,,
2026-05-26T23:23:52+00:00,frontend_mentor,qwen3.6:27b,mentor_question_004,mentor_question_group_001,tr,True,False,True,75.0,C,62.041389,0.0,64,,,,,,tr_language_mismatch,
2026-05-26T23:25:54+00:00,frontend_mentor,qwen3.6:27b,mentor_question_005,mentor_question_group_001,en,True,True,True,100.0,A,122.109088,0.0,64,,,,,,,
2026-05-26T23:26:57+00:00,frontend_mentor,qwen3.6:27b,mentor_question_006,mentor_question_group_002,en,True,True,True,100.0,A,62.249941,0.0,64,,,,,,,
2026-05-26T23:28:59+00:00,frontend_mentor,qwen3.6:27b,mentor_question_007,mentor_question_group_002,tr,True,False,True,75.0,C,122.019837,0.0,64,,,,,,tr_language_mismatch,
2026-05-26T23:30:01+00:00,frontend_mentor,qwen3.6:27b,mentor_question_008,mentor_question_group_002,tr,True,False,True,75.0,C,62.108851,0.0,64,,,,,,tr_language_mismatch,
2026-05-26T23:32:03+00:00,frontend_mentor,qwen3.6:27b,mentor_question_009,mentor_question_group_002,tr,True,False,True,75.0,C,122.144661,0.0,64,,,,,,tr_language_mismatch,
2026-05-26T23:34:05+00:00,frontend_mentor,qwen3.6:27b,mentor_question_010,mentor_question_group_002,tr,True,False,True,75.0,C,122.149415,0.0,64,,,,,,tr_language_mismatch,
2026-05-26T23:36:07+00:00,frontend_mentor,qwen3.6:27b,mentor_question_011,mentor_question_group_003,tr,True,False,True,75.0,C,122.096688,0.0,64,,,,,,tr_language_mismatch,
2026-05-26T23:37:09+00:00,frontend_mentor,qwen3.6:27b,mentor_question_012,mentor_question_group_003,tr,True,False,True,75.0,C,62.107214,0.0,64,,,,,,tr_language_mismatch,
2026-05-26T23:38:12+00:00,frontend_mentor,qwen3.6:27b,mentor_question_013,mentor_question_group_003,tr,True,False,True,75.0,C,62.179395,0.0,64,,,,,,tr_language_mismatch,
2026-05-26T23:40:14+00:00,frontend_mentor,qwen3.6:27b,mentor_question_014,mentor_question_group_003,tr,True,False,True,75.0,C,122.149182,0.0,64,,,,,,tr_language_mismatch,
2026-05-26T23:42:16+00:00,frontend_mentor,qwen3.6:27b,mentor_question_015,mentor_question_group_003,tr,True,False,True,75.0,C,122.179864,0.0,64,,,,,,tr_language_mismatch,
2026-05-26T23:43:18+00:00,frontend_mentor,qwen3.6:27b,mentor_question_016,mentor_question_group_004,en,True,True,True,100.0,A,61.995542,0.0,64,,,,,,,
2026-05-26T23:44:20+00:00,frontend_mentor,qwen3.6:27b,mentor_question_017,mentor_question_group_004,tr,True,False,True,75.0,C,62.065879,0.0,64,,,,,,tr_language_mismatch,
2026-05-26T23:45:22+00:00,frontend_mentor,qwen3.6:27b,mentor_question_018,mentor_question_group_004,tr,True,False,True,75.0,C,62.027018,0.0,64,,,,,,tr_language_mismatch,
2026-05-26T23:46:24+00:00,frontend_mentor,qwen3.6:27b,mentor_question_019,mentor_question_group_004,en,True,True,True,100.0,A,62.115995,0.0,64,,,,,,,
2026-05-26T23:47:26+00:00,frontend_mentor,qwen3.6:27b,mentor_question_020,mentor_question_group_004,tr,True,False,True,75.0,C,62.081372,0.0,64,,,,,,tr_language_mismatch,
2026-05-26T23:48:28+00:00,frontend_mentor,qwen3.6:27b,mentor_question_021,mentor_question_group_005,tr,True,False,True,75.0,C,62.090587,0.0,64,,,,,,tr_language_mismatch,
2026-05-26T23:49:30+00:00,frontend_mentor,qwen3.6:27b,mentor_question_022,mentor_question_group_005,tr,True,False,True,75.0,C,62.137457,0.0,64,,,,,,tr_language_mismatch,
2026-05-26T23:50:33+00:00,frontend_mentor,qwen3.6:27b,mentor_question_023,mentor_question_group_005,tr,True,False,True,75.0,C,62.134386,0.0,64,,,,,,tr_language_mismatch,
2026-05-26T23:52:35+00:00,frontend_mentor,qwen3.6:27b,mentor_question_024,mentor_question_group_005,tr,True,False,True,75.0,C,122.228037,0.0,64,,,,,,tr_language_mismatch,
2026-05-26T23:54:37+00:00,frontend_mentor,qwen3.6:27b,mentor_question_025,mentor_question_group_005,en,True,True,True,100.0,A,122.01781,0.0,64,,,,,,,
2026-05-26T23:55:39+00:00,frontend_mentor,qwen3.6:27b,mentor_question_026,mentor_question_group_006,tr,True,False,True,75.0,C,62.1561,0.0,64,,,,,,tr_language_mismatch,
2026-05-26T23:56:41+00:00,frontend_mentor,qwen3.6:27b,mentor_question_027,mentor_question_group_006,tr,True,False,True,75.0,C,62.139308,0.0,64,,,,,,tr_language_mismatch,
2026-05-26T23:58:43+00:00,frontend_mentor,qwen3.6:27b,mentor_question_028,mentor_question_group_006,tr,True,False,True,75.0,C,122.147768,0.0,64,,,,,,tr_language_mismatch,
2026-05-26T23:59:45+00:00,frontend_mentor,qwen3.6:27b,mentor_question_029,mentor_question_group_006,tr,True,False,True,75.0,C,62.081367,0.0,64,,,,,,tr_language_mismatch,
2026-05-27T00:01:47+00:00,frontend_mentor,qwen3.6:27b,mentor_question_030,mentor_question_group_006,tr,True,False,True,75.0,C,122.183315,0.0,64,,,,,,tr_language_mismatch,
2026-05-27T00:02:50+00:00,frontend_mentor,qwen3.6:27b,mentor_question_031,mentor_question_group_007,tr,True,False,True,75.0,C,62.123401,0.0,64,,,,,,tr_language_mismatch,
2026-05-27T00:03:52+00:00,frontend_mentor,qwen3.6:27b,mentor_question_032,mentor_question_group_007,en,True,True,True,100.0,A,62.106203,0.0,64,,,,,,,
2026-05-27T00:05:54+00:00,frontend_mentor,qwen3.6:27b,mentor_question_033,mentor_question_group_007,tr,True,False,True,75.0,C,122.13142,0.0,64,,,,,,tr_language_mismatch,
2026-05-27T00:06:56+00:00,frontend_mentor,qwen3.6:27b,mentor_question_034,mentor_question_group_007,en,True,True,True,100.0,A,62.134469,0.0,64,,,,,,,
2026-05-27T00:07:58+00:00,frontend_mentor,qwen3.6:27b,mentor_question_035,mentor_question_group_007,tr,True,False,True,75.0,C,62.191417,0.0,64,,,,,,tr_language_mismatch,
2026-05-27T00:10:00+00:00,frontend_mentor,qwen3.6:27b,mentor_question_036,mentor_question_group_008,tr,True,False,True,75.0,C,122.053172,0.0,64,,,,,,tr_language_mismatch,
2026-05-27T00:11:02+00:00,frontend_mentor,qwen3.6:27b,mentor_question_037,mentor_question_group_008,en,True,True,True,100.0,A,62.187449,0.0,64,,,,,,,
2026-05-27T00:13:04+00:00,frontend_mentor,qwen3.6:27b,mentor_question_038,mentor_question_group_008,tr,True,False,True,75.0,C,122.051942,0.0,64,,,,,,tr_language_mismatch,
2026-05-27T00:14:06+00:00,frontend_mentor,qwen3.6:27b,mentor_question_039,mentor_question_group_008,tr,True,False,True,75.0,C,62.044979,0.0,64,,,,,,tr_language_mismatch,
2026-05-27T00:15:09+00:00,frontend_mentor,qwen3.6:27b,mentor_question_040,mentor_question_group_008,en,True,True,True,100.0,A,62.112295,0.0,64,,,,,,,
2026-05-27T00:16:11+00:00,frontend_mentor,qwen3.6:27b,mentor_question_041,mentor_question_group_009,tr,True,False,True,75.0,C,62.137598,0.0,64,,,,,,tr_language_mismatch,
2026-05-27T00:18:13+00:00,frontend_mentor,qwen3.6:27b,mentor_question_042,mentor_question_group_009,en,True,True,True,100.0,A,122.17206,0.0,64,,,,,,,
2026-05-27T00:20:15+00:00,frontend_mentor,qwen3.6:27b,mentor_question_043,mentor_question_group_009,tr,True,False,True,75.0,C,122.140424,0.0,64,,,,,,tr_language_mismatch,
2026-05-27T00:22:17+00:00,frontend_mentor,qwen3.6:27b,mentor_question_044,mentor_question_group_009,tr,True,False,True,75.0,C,122.188301,0.0,64,,,,,,tr_language_mismatch,
2026-05-27T00:23:19+00:00,frontend_mentor,qwen3.6:27b,mentor_question_045,mentor_question_group_009,tr,True,False,True,75.0,C,62.209035,0.0,64,,,,,,tr_language_mismatch,
2026-05-27T00:25:22+00:00,frontend_mentor,qwen3.6:27b,mentor_question_046,mentor_question_group_010,tr,True,False,True,75.0,C,122.140143,0.0,64,,,,,,tr_language_mismatch,
2026-05-27T00:27:24+00:00,frontend_mentor,qwen3.6:27b,mentor_question_047,mentor_question_group_010,tr,True,False,True,75.0,C,122.136239,0.0,64,,,,,,tr_language_mismatch,
2026-05-27T00:28:26+00:00,frontend_mentor,qwen3.6:27b,mentor_question_048,mentor_question_group_010,tr,True,False,True,75.0,C,62.180053,0.0,64,,,,,,tr_language_mismatch,
2026-05-27T00:30:28+00:00,frontend_mentor,qwen3.6:27b,mentor_question_049,mentor_question_group_010,tr,True,False,True,75.0,C,122.154842,0.0,64,,,,,,tr_language_mismatch,
2026-05-27T00:31:30+00:00,frontend_mentor,qwen3.6:27b,mentor_question_050,mentor_question_group_010,tr,True,False,True,75.0,C,62.108895,0.0,64,,,,,,tr_language_mismatch,
2026-05-27T00:32:32+00:00,frontend_mentor,qwen3.6:27b,mentor_question_051,mentor_question_group_011,en,True,True,True,100.0,A,62.181046,0.0,64,,,,,,,
2026-05-27T00:33:34+00:00,frontend_mentor,qwen3.6:27b,mentor_question_052,mentor_question_group_011,tr,True,False,True,75.0,C,62.134618,0.0,64,,,,,,tr_language_mismatch,
2026-05-27T00:35:37+00:00,frontend_mentor,qwen3.6:27b,mentor_question_053,mentor_question_group_011,en,True,True,True,100.0,A,122.164161,0.0,64,,,,,,,
2026-05-27T00:36:39+00:00,frontend_mentor,qwen3.6:27b,mentor_question_054,mentor_question_group_011,en,True,True,True,100.0,A,62.084952,0.0,64,,,,,,,
2026-05-27T00:37:41+00:00,frontend_mentor,qwen3.6:27b,mentor_question_055,mentor_question_group_011,en,True,True,True,100.0,A,62.101999,0.0,64,,,,,,,
2026-05-27T00:38:43+00:00,frontend_mentor,qwen3.6:27b,mentor_question_056,mentor_question_group_012,en,True,True,True,100.0,A,62.116992,0.0,64,,,,,,,
2026-05-27T00:39:45+00:00,frontend_mentor,qwen3.6:27b,mentor_question_057,mentor_question_group_012,tr,True,False,True,75.0,C,62.164101,0.0,64,,,,,,tr_language_mismatch,
2026-05-27T00:41:47+00:00,frontend_mentor,qwen3.6:27b,mentor_question_058,mentor_question_group_012,tr,True,False,True,75.0,C,122.144339,0.0,64,,,,,,tr_language_mismatch,
2026-05-27T00:42:49+00:00,frontend_mentor,qwen3.6:27b,mentor_question_059,mentor_question_group_012,tr,True,False,True,75.0,C,62.049302,0.0,64,,,,,,tr_language_mismatch,
2026-05-27T00:43:41+00:00,frontend_mentor,qwen3.6:27b,mentor_question_060,mentor_question_group_012,en,True,True,True,100.0,A,51.854955,0.0,94,,,,,,,
2026-05-27T00:44:43+00:00,frontend_mentor,qwen3.6:27b,mentor_question_061,mentor_question_group_013,tr,True,False,True,75.0,C,62.173842,0.0,64,,,,,,tr_language_mismatch,
2026-05-27T00:45:45+00:00,frontend_mentor,qwen3.6:27b,mentor_question_062,mentor_question_group_013,tr,True,False,True,75.0,C,62.100703,0.0,64,,,,,,tr_language_mismatch,
2026-05-27T00:46:48+00:00,frontend_mentor,qwen3.6:27b,mentor_question_063,mentor_question_group_013,tr,True,False,True,75.0,C,62.152136,0.0,64,,,,,,tr_language_mismatch,
2026-05-27T00:48:50+00:00,frontend_mentor,qwen3.6:27b,mentor_question_064,mentor_question_group_013,tr,True,False,True,75.0,C,122.219104,0.0,64,,,,,,tr_language_mismatch,
2026-05-27T00:50:52+00:00,frontend_mentor,qwen3.6:27b,mentor_question_065,mentor_question_group_013,tr,True,False,True,75.0,C,122.110983,0.0,64,,,,,,tr_language_mismatch,
2026-05-27T00:51:54+00:00,frontend_mentor,qwen3.6:27b,mentor_question_066,mentor_question_group_014,tr,True,False,True,75.0,C,62.135398,0.0,64,,,,,,tr_language_mismatch,
2026-05-27T00:53:56+00:00,frontend_mentor,qwen3.6:27b,mentor_question_067,mentor_question_group_014,tr,True,False,True,75.0,C,122.126901,0.0,64,,,,,,tr_language_mismatch,
2026-05-27T00:54:58+00:00,frontend_mentor,qwen3.6:27b,mentor_question_068,mentor_question_group_014,tr,True,False,True,75.0,C,62.16656,0.0,64,,,,,,tr_language_mismatch,
2026-05-27T00:56:00+00:00,frontend_mentor,qwen3.6:27b,mentor_question_069,mentor_question_group_014,tr,True,False,True,75.0,C,62.121781,0.0,64,,,,,,tr_language_mismatch,
2026-05-27T00:58:03+00:00,frontend_mentor,qwen3.6:27b,mentor_question_070,mentor_question_group_014,tr,True,False,True,75.0,C,122.127657,0.0,64,,,,,,tr_language_mismatch,
2026-05-27T00:59:05+00:00,frontend_mentor,qwen3.6:27b,mentor_question_071,mentor_question_group_015,tr,True,False,True,75.0,C,62.133805,0.0,64,,,,,,tr_language_mismatch,
2026-05-27T01:01:07+00:00,frontend_mentor,qwen3.6:27b,mentor_question_072,mentor_question_group_015,tr,True,False,True,75.0,C,122.159344,0.0,64,,,,,,tr_language_mismatch,
2026-05-27T01:02:09+00:00,frontend_mentor,qwen3.6:27b,mentor_question_073,mentor_question_group_015,tr,True,False,True,75.0,C,62.128351,0.0,64,,,,,,tr_language_mismatch,
2026-05-27T01:04:11+00:00,frontend_mentor,qwen3.6:27b,mentor_question_074,mentor_question_group_015,tr,True,False,True,75.0,C,122.136419,0.0,64,,,,,,tr_language_mismatch,
2026-05-27T01:05:13+00:00,frontend_mentor,qwen3.6:27b,mentor_question_075,mentor_question_group_015,tr,True,False,True,75.0,C,62.136106,0.0,64,,,,,,tr_language_mismatch,
2026-05-27T01:06:15+00:00,frontend_mentor,qwen3.6:27b,mentor_question_076,mentor_question_group_016,tr,True,False,True,75.0,C,62.134231,0.0,64,,,,,,tr_language_mismatch,
2026-05-27T01:08:18+00:00,frontend_mentor,qwen3.6:27b,mentor_question_077,mentor_question_group_016,tr,True,False,True,75.0,C,122.214424,0.0,64,,,,,,tr_language_mismatch,
2026-05-27T01:09:20+00:00,frontend_mentor,qwen3.6:27b,mentor_question_078,mentor_question_group_016,tr,True,False,True,75.0,C,62.060054,0.0,64,,,,,,tr_language_mismatch,
2026-05-27T01:10:22+00:00,frontend_mentor,qwen3.6:27b,mentor_question_079,mentor_question_group_016,tr,True,False,True,75.0,C,62.190467,0.0,64,,,,,,tr_language_mismatch,
2026-05-27T01:11:24+00:00,frontend_mentor,qwen3.6:27b,mentor_question_080,mentor_question_group_016,tr,True,False,True,75.0,C,62.160959,0.0,64,,,,,,tr_language_mismatch,
2026-05-27T01:12:26+00:00,frontend_mentor,qwen3.6:27b,mentor_question_081,mentor_question_group_017,tr,True,False,True,75.0,C,62.138395,0.0,64,,,,,,tr_language_mismatch,
2026-05-27T01:14:28+00:00,frontend_mentor,qwen3.6:27b,mentor_question_082,mentor_question_group_017,tr,True,False,True,75.0,C,122.154129,0.0,64,,,,,,tr_language_mismatch,
2026-05-27T01:15:31+00:00,frontend_mentor,qwen3.6:27b,mentor_question_083,mentor_question_group_017,tr,True,False,True,75.0,C,62.20665,0.0,64,,,,,,tr_language_mismatch,
2026-05-27T01:16:33+00:00,frontend_mentor,qwen3.6:27b,mentor_question_084,mentor_question_group_017,tr,True,False,True,75.0,C,62.087062,0.0,64,,,,,,tr_language_mismatch,
2026-05-27T01:17:35+00:00,frontend_mentor,qwen3.6:27b,mentor_question_085,mentor_question_group_017,tr,True,False,True,75.0,C,62.099423,0.0,64,,,,,,tr_language_mismatch,
2026-05-27T01:18:37+00:00,frontend_mentor,qwen3.6:27b,mentor_question_086,mentor_question_group_018,tr,True,False,True,75.0,C,62.141852,0.0,64,,,,,,tr_language_mismatch,
2026-05-27T01:20:39+00:00,frontend_mentor,qwen3.6:27b,mentor_question_087,mentor_question_group_018,tr,True,False,True,75.0,C,122.188293,0.0,64,,,,,,tr_language_mismatch,
2026-05-27T01:21:41+00:00,frontend_mentor,qwen3.6:27b,mentor_question_088,mentor_question_group_018,tr,True,False,True,75.0,C,62.078229,0.0,64,,,,,,tr_language_mismatch,
2026-05-27T01:22:43+00:00,frontend_mentor,qwen3.6:27b,mentor_question_089,mentor_question_group_018,tr,True,False,True,75.0,C,62.204647,0.0,64,,,,,,tr_language_mismatch,
2026-05-27T01:24:46+00:00,frontend_mentor,qwen3.6:27b,mentor_question_090,mentor_question_group_018,tr,True,False,True,75.0,C,122.233538,0.0,64,,,,,,tr_language_mismatch,
2026-05-27T01:25:48+00:00,frontend_mentor,qwen3.6:27b,mentor_question_091,mentor_question_group_019,tr,True,False,True,75.0,C,62.084293,0.0,64,,,,,,tr_language_mismatch,
2026-05-27T01:27:50+00:00,frontend_mentor,qwen3.6:27b,mentor_question_092,mentor_question_group_019,tr,True,False,True,75.0,C,122.190113,0.0,64,,,,,,tr_language_mismatch,
2026-05-27T01:28:52+00:00,frontend_mentor,qwen3.6:27b,mentor_question_093,mentor_question_group_019,en,True,True,True,100.0,A,62.159287,0.0,64,,,,,,,
2026-05-27T01:30:54+00:00,frontend_mentor,qwen3.6:27b,mentor_question_094,mentor_question_group_019,tr,True,False,True,75.0,C,122.128691,0.0,64,,,,,,tr_language_mismatch,
2026-05-27T01:31:56+00:00,frontend_mentor,qwen3.6:27b,mentor_question_095,mentor_question_group_019,tr,True,False,True,75.0,C,62.14448,0.0,64,,,,,,tr_language_mismatch,
2026-05-27T01:32:59+00:00,frontend_mentor,qwen3.6:27b,mentor_question_096,mentor_question_group_020,tr,True,False,True,75.0,C,62.26576,0.0,64,,,,,,tr_language_mismatch,
2026-05-27T01:34:01+00:00,frontend_mentor,qwen3.6:27b,mentor_question_097,mentor_question_group_020,tr,True,False,True,75.0,C,62.155103,0.0,64,,,,,,tr_language_mismatch,
2026-05-27T01:36:03+00:00,frontend_mentor,qwen3.6:27b,mentor_question_098,mentor_question_group_020,tr,True,False,True,75.0,C,122.165498,0.0,64,,,,,,tr_language_mismatch,
2026-05-27T01:37:05+00:00,frontend_mentor,qwen3.6:27b,mentor_question_099,mentor_question_group_020,tr,True,False,True,75.0,C,62.176182,0.0,64,,,,,,tr_language_mismatch,
2026-05-27T01:39:07+00:00,frontend_mentor,qwen3.6:27b,mentor_question_100,mentor_question_group_020,tr,True,False,True,75.0,C,122.146756,0.0,64,,,,,,tr_language_mismatch,
2026-05-27T01:40:09+00:00,frontend_mentor,qwen3.6:27b,mentor_question_101,mentor_question_group_021,tr,True,False,True,75.0,C,62.115957,0.0,64,,,,,,tr_language_mismatch,
2026-05-27T01:42:12+00:00,frontend_mentor,qwen3.6:27b,mentor_question_102,mentor_question_group_021,tr,True,False,True,75.0,C,122.165622,0.0,64,,,,,,tr_language_mismatch,
2026-05-27T01:44:14+00:00,frontend_mentor,qwen3.6:27b,mentor_question_103,mentor_question_group_021,tr,True,False,True,75.0,C,122.283019,0.0,64,,,,,,tr_language_mismatch,
2026-05-27T01:45:16+00:00,frontend_mentor,qwen3.6:27b,mentor_question_104,mentor_question_group_021,tr,True,False,True,75.0,C,62.067866,0.0,64,,,,,,tr_language_mismatch,
2026-05-27T01:47:18+00:00,frontend_mentor,qwen3.6:27b,mentor_question_105,mentor_question_group_021,tr,True,False,True,75.0,C,122.198279,0.0,64,,,,,,tr_language_mismatch,
2026-05-27T01:49:20+00:00,frontend_mentor,qwen3.6:27b,mentor_question_106,mentor_question_group_022,tr,True,False,True,75.0,C,122.12392,0.0,64,,,,,,tr_language_mismatch,
2026-05-27T01:50:22+00:00,frontend_mentor,qwen3.6:27b,mentor_question_107,mentor_question_group_022,tr,True,False,True,75.0,C,62.193155,0.0,64,,,,,,tr_language_mismatch,
2026-05-27T01:52:25+00:00,frontend_mentor,qwen3.6:27b,mentor_question_108,mentor_question_group_022,tr,True,False,True,75.0,C,122.185306,0.0,64,,,,,,tr_language_mismatch,
2026-05-27T01:54:27+00:00,frontend_mentor,qwen3.6:27b,mentor_question_109,mentor_question_group_022,tr,True,False,True,75.0,C,122.222692,0.0,64,,,,,,tr_language_mismatch,
2026-05-27T01:56:29+00:00,frontend_mentor,qwen3.6:27b,mentor_question_110,mentor_question_group_022,tr,True,False,True,75.0,C,122.140089,0.0,64,,,,,,tr_language_mismatch,
2026-05-27T01:58:31+00:00,frontend_mentor,qwen3.6:27b,mentor_question_111,mentor_question_group_023,tr,True,False,True,75.0,C,122.173842,0.0,64,,,,,,tr_language_mismatch,
2026-05-27T02:00:33+00:00,frontend_mentor,qwen3.6:27b,mentor_question_112,mentor_question_group_023,en,True,True,True,100.0,A,122.236083,0.0,64,,,,,,,
2026-05-27T02:02:36+00:00,frontend_mentor,qwen3.6:27b,mentor_question_113,mentor_question_group_023,tr,True,False,True,75.0,C,122.195742,0.0,64,,,,,,tr_language_mismatch,
2026-05-27T02:03:38+00:00,frontend_mentor,qwen3.6:27b,mentor_question_114,mentor_question_group_023,tr,True,False,True,75.0,C,62.200262,0.0,64,,,,,,tr_language_mismatch,
2026-05-27T02:05:40+00:00,frontend_mentor,qwen3.6:27b,mentor_question_115,mentor_question_group_023,en,True,True,True,100.0,A,122.190465,0.0,64,,,,,,,
2026-05-27T02:07:42+00:00,frontend_mentor,qwen3.6:27b,mentor_question_116,mentor_question_group_024,tr,True,False,True,75.0,C,122.17649,0.0,64,,,,,,tr_language_mismatch,
2026-05-27T02:09:44+00:00,frontend_mentor,qwen3.6:27b,mentor_question_117,mentor_question_group_024,tr,True,False,True,75.0,C,122.142643,0.0,64,,,,,,tr_language_mismatch,
2026-05-27T02:10:46+00:00,frontend_mentor,qwen3.6:27b,mentor_question_118,mentor_question_group_024,tr,True,False,True,75.0,C,62.190671,0.0,64,,,,,,tr_language_mismatch,
2026-05-27T02:11:49+00:00,frontend_mentor,qwen3.6:27b,mentor_question_119,mentor_question_group_024,tr,True,False,True,75.0,C,62.173133,0.0,64,,,,,,tr_language_mismatch,
2026-05-27T02:13:51+00:00,frontend_mentor,qwen3.6:27b,mentor_question_120,mentor_question_group_024,tr,True,False,True,75.0,C,122.183584,0.0,64,,,,,,tr_language_mismatch,
2026-05-27T02:15:53+00:00,frontend_mentor,qwen3.6:27b,mentor_question_121,mentor_question_group_025,tr,True,False,True,75.0,C,122.181739,0.0,64,,,,,,tr_language_mismatch,
2026-05-27T02:17:55+00:00,frontend_mentor,qwen3.6:27b,mentor_question_122,mentor_question_group_025,tr,True,False,True,75.0,C,122.149195,0.0,64,,,,,,tr_language_mismatch,
2026-05-27T02:18:57+00:00,frontend_mentor,qwen3.6:27b,mentor_question_123,mentor_question_group_025,tr,True,False,True,75.0,C,62.208436,0.0,64,,,,,,tr_language_mismatch,
2026-05-27T02:19:59+00:00,frontend_mentor,qwen3.6:27b,mentor_question_124,mentor_question_group_025,tr,True,False,True,75.0,C,62.146785,0.0,64,,,,,,tr_language_mismatch,
2026-05-27T02:22:02+00:00,frontend_mentor,qwen3.6:27b,mentor_question_125,mentor_question_group_025,en,True,True,True,100.0,A,122.192565,0.0,64,,,,,,,
2026-05-27T02:24:04+00:00,frontend_mentor,qwen3.6:27b,mentor_question_126,mentor_question_group_026,tr,True,False,True,75.0,C,122.077068,0.0,64,,,,,,tr_language_mismatch,
2026-05-27T02:25:06+00:00,frontend_mentor,qwen3.6:27b,mentor_question_127,mentor_question_group_026,en,True,True,True,100.0,A,62.148077,0.0,64,,,,,,,
2026-05-27T02:27:08+00:00,frontend_mentor,qwen3.6:27b,mentor_question_128,mentor_question_group_026,tr,True,False,True,75.0,C,122.2086,0.0,64,,,,,,tr_language_mismatch,
2026-05-27T02:28:10+00:00,frontend_mentor,qwen3.6:27b,mentor_question_129,mentor_question_group_026,tr,True,False,True,75.0,C,62.177873,0.0,64,,,,,,tr_language_mismatch,
2026-05-27T02:30:12+00:00,frontend_mentor,qwen3.6:27b,mentor_question_130,mentor_question_group_026,tr,True,False,True,75.0,C,122.185302,0.0,64,,,,,,tr_language_mismatch,
2026-05-27T02:31:15+00:00,frontend_mentor,qwen3.6:27b,mentor_question_131,mentor_question_group_027,en,True,True,True,100.0,A,62.197272,0.0,64,,,,,,,
2026-05-27T02:33:17+00:00,frontend_mentor,qwen3.6:27b,mentor_question_132,mentor_question_group_027,tr,True,False,True,75.0,C,122.191361,0.0,64,,,,,,tr_language_mismatch,
2026-05-27T02:34:19+00:00,frontend_mentor,qwen3.6:27b,mentor_question_133,mentor_question_group_027,tr,True,False,True,75.0,C,62.182406,0.0,64,,,,,,tr_language_mismatch,
2026-05-27T02:36:21+00:00,frontend_mentor,qwen3.6:27b,mentor_question_134,mentor_question_group_027,tr,True,False,True,75.0,C,122.145261,0.0,64,,,,,,tr_language_mismatch,
2026-05-27T02:37:23+00:00,frontend_mentor,qwen3.6:27b,mentor_question_135,mentor_question_group_027,tr,True,False,True,75.0,C,62.179945,0.0,64,,,,,,tr_language_mismatch,
2026-05-27T02:39:26+00:00,frontend_mentor,qwen3.6:27b,mentor_question_136,mentor_question_group_028,en,True,True,True,100.0,A,122.226926,0.0,64,,,,,,,
2026-05-27T02:40:28+00:00,frontend_mentor,qwen3.6:27b,mentor_question_137,mentor_question_group_028,tr,True,False,True,75.0,C,62.173629,0.0,64,,,,,,tr_language_mismatch,
2026-05-27T02:41:30+00:00,frontend_mentor,qwen3.6:27b,mentor_question_138,mentor_question_group_028,tr,True,False,True,75.0,C,62.198835,0.0,64,,,,,,tr_language_mismatch,
2026-05-27T02:43:32+00:00,frontend_mentor,qwen3.6:27b,mentor_question_139,mentor_question_group_028,tr,True,False,True,75.0,C,122.162483,0.0,64,,,,,,tr_language_mismatch,
2026-05-27T02:44:34+00:00,frontend_mentor,qwen3.6:27b,mentor_question_140,mentor_question_group_028,tr,True,False,True,75.0,C,62.197761,0.0,64,,,,,,tr_language_mismatch,
2026-05-27T02:46:37+00:00,frontend_mentor,qwen3.6:27b,mentor_question_141,mentor_question_group_029,tr,True,False,True,75.0,C,122.167872,0.0,64,,,,,,tr_language_mismatch,
2026-05-27T02:48:39+00:00,frontend_mentor,qwen3.6:27b,mentor_question_142,mentor_question_group_029,tr,True,False,True,75.0,C,122.227482,0.0,64,,,,,,tr_language_mismatch,
2026-05-27T02:49:41+00:00,frontend_mentor,qwen3.6:27b,mentor_question_143,mentor_question_group_029,en,True,True,True,100.0,A,62.121649,0.0,64,,,,,,,
2026-05-27T02:50:43+00:00,frontend_mentor,qwen3.6:27b,mentor_question_144,mentor_question_group_029,tr,True,False,True,75.0,C,62.156523,0.0,64,,,,,,tr_language_mismatch,
2026-05-27T02:52:45+00:00,frontend_mentor,qwen3.6:27b,mentor_question_145,mentor_question_group_029,tr,True,False,True,75.0,C,122.217282,0.0,64,,,,,,tr_language_mismatch,
2026-05-27T02:54:47+00:00,frontend_mentor,qwen3.6:27b,mentor_question_146,mentor_question_group_030,tr,True,False,True,75.0,C,122.192523,0.0,64,,,,,,tr_language_mismatch,
2026-05-27T02:56:50+00:00,frontend_mentor,qwen3.6:27b,mentor_question_147,mentor_question_group_030,en,True,True,True,100.0,A,122.151915,0.0,64,,,,,,,
2026-05-27T02:58:52+00:00,frontend_mentor,qwen3.6:27b,mentor_question_148,mentor_question_group_030,tr,True,False,True,75.0,C,122.132821,0.0,64,,,,,,tr_language_mismatch,
2026-05-27T03:00:54+00:00,frontend_mentor,qwen3.6:27b,mentor_question_149,mentor_question_group_030,tr,True,False,True,75.0,C,122.185262,0.0,64,,,,,,tr_language_mismatch,
2026-05-27T03:02:56+00:00,frontend_mentor,qwen3.6:27b,mentor_question_150,mentor_question_group_030,tr,True,False,True,75.0,C,122.193472,0.0,64,,,,,,tr_language_mismatch,
2026-05-27T03:04:58+00:00,frontend_mentor,qwen3.6:27b,mentor_question_151,mentor_question_group_031,tr,True,False,True,75.0,C,122.224024,0.0,64,,,,,,tr_language_mismatch,
2026-05-27T03:07:01+00:00,frontend_mentor,qwen3.6:27b,mentor_question_152,mentor_question_group_031,tr,True,False,True,75.0,C,122.207373,0.0,64,,,,,,tr_language_mismatch,
2026-05-27T03:09:03+00:00,frontend_mentor,qwen3.6:27b,mentor_question_153,mentor_question_group_031,en,True,True,True,100.0,A,122.209915,0.0,64,,,,,,,
2026-05-27T03:10:05+00:00,frontend_mentor,qwen3.6:27b,mentor_question_154,mentor_question_group_031,tr,True,False,True,75.0,C,62.292086,0.0,64,,,,,,tr_language_mismatch,
2026-05-27T03:12:07+00:00,frontend_mentor,qwen3.6:27b,mentor_question_155,mentor_question_group_031,tr,True,False,True,75.0,C,122.227573,0.0,64,,,,,,tr_language_mismatch,
2026-05-27T03:13:09+00:00,frontend_mentor,qwen3.6:27b,mentor_question_156,mentor_question_group_032,tr,True,False,True,75.0,C,62.102244,0.0,64,,,,,,tr_language_mismatch,
2026-05-27T03:15:12+00:00,frontend_mentor,qwen3.6:27b,mentor_question_157,mentor_question_group_032,tr,True,False,True,75.0,C,122.18927,0.0,64,,,,,,tr_language_mismatch,
2026-05-27T03:16:14+00:00,frontend_mentor,qwen3.6:27b,mentor_question_158,mentor_question_group_032,tr,True,False,True,75.0,C,62.277477,0.0,64,,,,,,tr_language_mismatch,
2026-05-27T03:18:16+00:00,frontend_mentor,qwen3.6:27b,mentor_question_159,mentor_question_group_032,tr,True,False,True,75.0,C,122.213858,0.0,64,,,,,,tr_language_mismatch,
2026-05-27T03:20:18+00:00,frontend_mentor,qwen3.6:27b,mentor_question_160,mentor_question_group_032,en,True,True,True,100.0,A,122.149848,0.0,64,,,,,,,
2026-05-27T03:22:20+00:00,frontend_mentor,qwen3.6:27b,mentor_question_161,mentor_question_group_033,tr,True,False,True,75.0,C,122.169627,0.0,64,,,,,,tr_language_mismatch,
2026-05-27T03:24:22+00:00,frontend_mentor,qwen3.6:27b,mentor_question_162,mentor_question_group_033,tr,True,False,True,75.0,C,122.107488,0.0,64,,,,,,tr_language_mismatch,
2026-05-27T03:26:25+00:00,frontend_mentor,qwen3.6:27b,mentor_question_163,mentor_question_group_033,tr,True,False,True,75.0,C,122.242132,0.0,64,,,,,,tr_language_mismatch,
2026-05-27T03:28:27+00:00,frontend_mentor,qwen3.6:27b,mentor_question_164,mentor_question_group_033,tr,True,False,True,75.0,C,122.14292,0.0,64,,,,,,tr_language_mismatch,
2026-05-27T03:30:29+00:00,frontend_mentor,qwen3.6:27b,mentor_question_165,mentor_question_group_033,tr,True,False,True,75.0,C,122.113385,0.0,64,,,,,,tr_language_mismatch,
2026-05-27T03:32:31+00:00,frontend_mentor,qwen3.6:27b,mentor_question_166,mentor_question_group_034,en,True,True,True,100.0,A,122.18009,0.0,64,,,,,,,
2026-05-27T03:33:33+00:00,frontend_mentor,qwen3.6:27b,mentor_question_167,mentor_question_group_034,en,True,True,True,100.0,A,62.12849,0.0,64,,,,,,,
2026-05-27T03:35:35+00:00,frontend_mentor,qwen3.6:27b,mentor_question_168,mentor_question_group_034,en,True,True,True,100.0,A,122.172513,0.0,64,,,,,,,
2026-05-27T03:37:38+00:00,frontend_mentor,qwen3.6:27b,mentor_question_169,mentor_question_group_034,tr,True,False,True,75.0,C,122.213849,0.0,64,,,,,,tr_language_mismatch,
2026-05-27T03:38:40+00:00,frontend_mentor,qwen3.6:27b,mentor_question_170,mentor_question_group_034,tr,True,False,True,75.0,C,62.145571,0.0,64,,,,,,tr_language_mismatch,
2026-05-27T03:39:42+00:00,frontend_mentor,qwen3.6:27b,mentor_question_171,mentor_question_group_035,tr,True,False,True,75.0,C,62.217042,0.0,64,,,,,,tr_language_mismatch,
2026-05-27T03:41:44+00:00,frontend_mentor,qwen3.6:27b,mentor_question_172,mentor_question_group_035,tr,True,False,True,75.0,C,122.217008,0.0,64,,,,,,tr_language_mismatch,
2026-05-27T03:43:46+00:00,frontend_mentor,qwen3.6:27b,mentor_question_173,mentor_question_group_035,tr,True,False,True,75.0,C,122.193924,0.0,64,,,,,,tr_language_mismatch,
2026-05-27T03:45:49+00:00,frontend_mentor,qwen3.6:27b,mentor_question_174,mentor_question_group_035,tr,True,False,True,75.0,C,122.213206,0.0,64,,,,,,tr_language_mismatch,
2026-05-27T03:46:51+00:00,frontend_mentor,qwen3.6:27b,mentor_question_175,mentor_question_group_035,tr,True,False,True,75.0,C,62.236756,0.0,64,,,,,,tr_language_mismatch,
2026-05-27T03:48:53+00:00,frontend_mentor,qwen3.6:27b,mentor_question_176,mentor_question_group_036,tr,True,False,True,75.0,C,122.198516,0.0,64,,,,,,tr_language_mismatch,
2026-05-27T03:49:55+00:00,frontend_mentor,qwen3.6:27b,mentor_question_177,mentor_question_group_036,tr,True,False,True,75.0,C,62.244771,0.0,64,,,,,,tr_language_mismatch,
2026-05-27T03:51:58+00:00,frontend_mentor,qwen3.6:27b,mentor_question_178,mentor_question_group_036,tr,True,False,True,75.0,C,122.208508,0.0,64,,,,,,tr_language_mismatch,
2026-05-27T03:54:00+00:00,frontend_mentor,qwen3.6:27b,mentor_question_179,mentor_question_group_036,tr,True,False,True,75.0,C,122.186115,0.0,64,,,,,,tr_language_mismatch,
2026-05-27T03:56:02+00:00,frontend_mentor,qwen3.6:27b,mentor_question_180,mentor_question_group_036,tr,True,False,True,75.0,C,122.183852,0.0,64,,,,,,tr_language_mismatch,
2026-05-27T03:58:04+00:00,frontend_mentor,qwen3.6:27b,mentor_question_181,mentor_question_group_037,tr,True,False,True,75.0,C,122.238671,0.0,64,,,,,,tr_language_mismatch,
2026-05-27T03:59:06+00:00,frontend_mentor,qwen3.6:27b,mentor_question_182,mentor_question_group_037,tr,True,False,True,75.0,C,62.205273,0.0,64,,,,,,tr_language_mismatch,
2026-05-27T04:00:09+00:00,frontend_mentor,qwen3.6:27b,mentor_question_183,mentor_question_group_037,tr,True,False,True,75.0,C,62.197123,0.0,64,,,,,,tr_language_mismatch,
2026-05-27T04:02:11+00:00,frontend_mentor,qwen3.6:27b,mentor_question_184,mentor_question_group_037,tr,True,False,True,75.0,C,122.212211,0.0,64,,,,,,tr_language_mismatch,
2026-05-27T04:03:13+00:00,frontend_mentor,qwen3.6:27b,mentor_question_185,mentor_question_group_037,tr,True,False,True,75.0,C,62.216313,0.0,64,,,,,,tr_language_mismatch,
2026-05-27T04:05:15+00:00,frontend_mentor,qwen3.6:27b,mentor_question_186,mentor_question_group_038,tr,True,False,True,75.0,C,122.18721,0.0,64,,,,,,tr_language_mismatch,
2026-05-27T04:06:17+00:00,frontend_mentor,qwen3.6:27b,mentor_question_187,mentor_question_group_038,tr,True,False,True,75.0,C,62.206761,0.0,64,,,,,,tr_language_mismatch,
2026-05-27T04:07:20+00:00,frontend_mentor,qwen3.6:27b,mentor_question_188,mentor_question_group_038,tr,True,False,True,75.0,C,62.188698,0.0,64,,,,,,tr_language_mismatch,
2026-05-27T04:08:22+00:00,frontend_mentor,qwen3.6:27b,mentor_question_189,mentor_question_group_038,tr,True,False,True,75.0,C,62.139513,0.0,64,,,,,,tr_language_mismatch,
2026-05-27T04:10:24+00:00,frontend_mentor,qwen3.6:27b,mentor_question_190,mentor_question_group_038,tr,True,False,True,75.0,C,122.256316,0.0,64,,,,,,tr_language_mismatch,
2026-05-27T04:11:26+00:00,frontend_mentor,qwen3.6:27b,mentor_question_191,mentor_question_group_039,tr,True,False,True,75.0,C,62.217844,0.0,64,,,,,,tr_language_mismatch,
2026-05-27T04:12:28+00:00,frontend_mentor,qwen3.6:27b,mentor_question_192,mentor_question_group_039,tr,True,False,True,75.0,C,62.207751,0.0,64,,,,,,tr_language_mismatch,
2026-05-27T04:14:31+00:00,frontend_mentor,qwen3.6:27b,mentor_question_193,mentor_question_group_039,en,True,True,True,100.0,A,122.233808,0.0,64,,,,,,,
2026-05-27T04:15:33+00:00,frontend_mentor,qwen3.6:27b,mentor_question_194,mentor_question_group_039,tr,True,False,True,75.0,C,62.192727,0.0,64,,,,,,tr_language_mismatch,
2026-05-27T04:17:35+00:00,frontend_mentor,qwen3.6:27b,mentor_question_195,mentor_question_group_039,tr,True,False,True,75.0,C,122.186032,0.0,64,,,,,,tr_language_mismatch,
2026-05-27T04:19:37+00:00,frontend_mentor,qwen3.6:27b,mentor_question_196,mentor_question_group_040,en,True,True,True,100.0,A,122.211194,0.0,64,,,,,,,
2026-05-27T04:20:39+00:00,frontend_mentor,qwen3.6:27b,mentor_question_197,mentor_question_group_040,tr,True,False,True,75.0,C,62.242359,0.0,64,,,,,,tr_language_mismatch,
2026-05-27T04:22:42+00:00,frontend_mentor,qwen3.6:27b,mentor_question_198,mentor_question_group_040,tr,True,False,True,75.0,C,122.157406,0.0,64,,,,,,tr_language_mismatch,
2026-05-27T04:24:44+00:00,frontend_mentor,qwen3.6:27b,mentor_question_199,mentor_question_group_040,en,True,True,True,100.0,A,122.211701,0.0,64,,,,,,,
2026-05-27T04:26:46+00:00,frontend_mentor,qwen3.6:27b,mentor_question_200,mentor_question_group_040,tr,True,False,True,75.0,C,122.206907,0.0,64,,,,,,tr_language_mismatch,
2026-05-27T04:27:48+00:00,frontend_mentor,qwen3.6:27b,mentor_question_201,mentor_question_group_041,tr,True,False,True,75.0,C,62.201918,0.0,64,,,,,,tr_language_mismatch,
2026-05-27T04:29:50+00:00,frontend_mentor,qwen3.6:27b,mentor_question_202,mentor_question_group_041,en,True,True,True,100.0,A,122.150122,0.0,64,,,,,,,
2026-05-27T04:30:53+00:00,frontend_mentor,qwen3.6:27b,mentor_question_203,mentor_question_group_041,tr,True,False,True,75.0,C,62.211728,0.0,64,,,,,,tr_language_mismatch,
2026-05-27T04:31:55+00:00,frontend_mentor,qwen3.6:27b,mentor_question_204,mentor_question_group_041,en,True,True,True,100.0,A,62.117432,0.0,64,,,,,,,
2026-05-27T04:33:57+00:00,frontend_mentor,qwen3.6:27b,mentor_question_205,mentor_question_group_041,tr,True,False,True,75.0,C,122.278308,0.0,64,,,,,,tr_language_mismatch,
2026-05-27T04:35:59+00:00,frontend_mentor,qwen3.6:27b,mentor_question_206,mentor_question_group_042,en,True,True,True,100.0,A,122.262217,0.0,64,,,,,,,
2026-05-27T04:38:01+00:00,frontend_mentor,qwen3.6:27b,mentor_question_207,mentor_question_group_042,tr,True,False,True,75.0,C,122.137305,0.0,64,,,,,,tr_language_mismatch,
2026-05-27T04:39:04+00:00,frontend_mentor,qwen3.6:27b,mentor_question_208,mentor_question_group_042,tr,True,False,True,75.0,C,62.27203,0.0,64,,,,,,tr_language_mismatch,
2026-05-27T04:40:06+00:00,frontend_mentor,qwen3.6:27b,mentor_question_209,mentor_question_group_042,tr,True,False,True,75.0,C,62.238969,0.0,64,,,,,,tr_language_mismatch,
2026-05-27T04:42:08+00:00,frontend_mentor,qwen3.6:27b,mentor_question_210,mentor_question_group_042,tr,True,False,True,75.0,C,122.268241,0.0,64,,,,,,tr_language_mismatch,
2026-05-27T04:44:10+00:00,frontend_mentor,qwen3.6:27b,mentor_question_211,mentor_question_group_043,en,True,True,True,100.0,A,122.204491,0.0,64,,,,,,,
2026-05-27T04:46:13+00:00,frontend_mentor,qwen3.6:27b,mentor_question_212,mentor_question_group_043,en,True,True,True,100.0,A,122.205997,0.0,64,,,,,,,
2026-05-27T04:47:15+00:00,frontend_mentor,qwen3.6:27b,mentor_question_213,mentor_question_group_043,en,True,True,True,100.0,A,62.214048,0.0,64,,,,,,,
2026-05-27T04:49:17+00:00,frontend_mentor,qwen3.6:27b,mentor_question_214,mentor_question_group_043,tr,True,False,True,75.0,C,122.254279,0.0,64,,,,,,tr_language_mismatch,
2026-05-27T04:51:19+00:00,frontend_mentor,qwen3.6:27b,mentor_question_215,mentor_question_group_043,tr,True,False,True,75.0,C,122.065695,0.0,64,,,,,,tr_language_mismatch,
2026-05-27T04:53:21+00:00,frontend_mentor,qwen3.6:27b,mentor_question_216,mentor_question_group_044,en,True,True,True,100.0,A,122.172866,0.0,64,,,,,,,
2026-05-27T04:55:23+00:00,frontend_mentor,qwen3.6:27b,mentor_question_217,mentor_question_group_044,tr,True,False,True,75.0,C,122.185874,0.0,64,,,,,,tr_language_mismatch,
2026-05-27T04:57:26+00:00,frontend_mentor,qwen3.6:27b,mentor_question_218,mentor_question_group_044,tr,True,False,True,75.0,C,122.273651,0.0,64,,,,,,tr_language_mismatch,
2026-05-27T04:58:28+00:00,frontend_mentor,qwen3.6:27b,mentor_question_219,mentor_question_group_044,tr,True,False,True,75.0,C,62.181499,0.0,64,,,,,,tr_language_mismatch,
2026-05-27T04:59:30+00:00,frontend_mentor,qwen3.6:27b,mentor_question_220,mentor_question_group_044,tr,True,False,True,75.0,C,62.060314,0.0,64,,,,,,tr_language_mismatch,
2026-05-27T05:01:32+00:00,frontend_mentor,qwen3.6:27b,mentor_question_221,mentor_question_group_045,en,True,True,True,100.0,A,122.290592,0.0,64,,,,,,,
2026-05-27T05:03:34+00:00,frontend_mentor,qwen3.6:27b,mentor_question_222,mentor_question_group_045,tr,True,False,True,75.0,C,122.192331,0.0,64,,,,,,tr_language_mismatch,
2026-05-27T05:05:37+00:00,frontend_mentor,qwen3.6:27b,mentor_question_223,mentor_question_group_045,tr,True,False,True,75.0,C,122.251836,0.0,64,,,,,,tr_language_mismatch,
2026-05-27T05:07:39+00:00,frontend_mentor,qwen3.6:27b,mentor_question_224,mentor_question_group_045,tr,True,False,True,75.0,C,122.190925,0.0,64,,,,,,tr_language_mismatch,
2026-05-27T05:08:41+00:00,frontend_mentor,qwen3.6:27b,mentor_question_225,mentor_question_group_045,tr,True,False,True,75.0,C,62.225036,0.0,64,,,,,,tr_language_mismatch,
2026-05-27T05:10:43+00:00,frontend_mentor,qwen3.6:27b,mentor_question_226,mentor_question_group_046,tr,True,False,True,75.0,C,122.261428,0.0,64,,,,,,tr_language_mismatch,
2026-05-27T05:12:46+00:00,frontend_mentor,qwen3.6:27b,mentor_question_227,mentor_question_group_046,tr,True,False,True,75.0,C,122.210362,0.0,64,,,,,,tr_language_mismatch,
2026-05-27T05:14:48+00:00,frontend_mentor,qwen3.6:27b,mentor_question_228,mentor_question_group_046,tr,True,False,True,75.0,C,122.240863,0.0,64,,,,,,tr_language_mismatch,
2026-05-27T05:16:50+00:00,frontend_mentor,qwen3.6:27b,mentor_question_229,mentor_question_group_046,tr,True,False,True,75.0,C,122.276672,0.0,64,,,,,,tr_language_mismatch,
2026-05-27T05:17:52+00:00,frontend_mentor,qwen3.6:27b,mentor_question_230,mentor_question_group_046,tr,True,False,True,75.0,C,62.137046,0.0,64,,,,,,tr_language_mismatch,
2026-05-27T05:18:54+00:00,frontend_mentor,qwen3.6:27b,mentor_question_231,mentor_question_group_047,tr,True,False,True,75.0,C,62.209122,0.0,64,,,,,,tr_language_mismatch,
2026-05-27T05:20:57+00:00,frontend_mentor,qwen3.6:27b,mentor_question_232,mentor_question_group_047,tr,True,False,True,75.0,C,122.170803,0.0,64,,,,,,tr_language_mismatch,
2026-05-27T05:22:59+00:00,frontend_mentor,qwen3.6:27b,mentor_question_233,mentor_question_group_047,en,True,True,True,100.0,A,122.158338,0.0,64,,,,,,,
2026-05-27T05:25:01+00:00,frontend_mentor,qwen3.6:27b,mentor_question_234,mentor_question_group_047,tr,True,False,True,75.0,C,122.195325,0.0,64,,,,,,tr_language_mismatch,
2026-05-27T05:27:03+00:00,frontend_mentor,qwen3.6:27b,mentor_question_235,mentor_question_group_047,tr,True,False,True,75.0,C,122.263303,0.0,64,,,,,,tr_language_mismatch,
2026-05-27T05:29:05+00:00,frontend_mentor,qwen3.6:27b,mentor_question_236,mentor_question_group_048,en,True,True,True,100.0,A,122.067666,0.0,64,,,,,,,
2026-05-27T05:30:08+00:00,frontend_mentor,qwen3.6:27b,mentor_question_237,mentor_question_group_048,tr,True,False,True,75.0,C,62.187889,0.0,64,,,,,,tr_language_mismatch,
2026-05-27T05:32:10+00:00,frontend_mentor,qwen3.6:27b,mentor_question_238,mentor_question_group_048,tr,True,False,True,75.0,C,122.251897,0.0,64,,,,,,tr_language_mismatch,
2026-05-27T05:34:12+00:00,frontend_mentor,qwen3.6:27b,mentor_question_239,mentor_question_group_048,tr,True,False,True,75.0,C,122.260668,0.0,64,,,,,,tr_language_mismatch,
2026-05-27T05:36:14+00:00,frontend_mentor,qwen3.6:27b,mentor_question_240,mentor_question_group_048,tr,True,False,True,75.0,C,122.232802,0.0,64,,,,,,tr_language_mismatch,
2026-05-27T05:38:16+00:00,frontend_mentor,qwen3.6:27b,mentor_question_241,mentor_question_group_049,en,True,True,True,100.0,A,122.162004,0.0,64,,,,,,,
2026-05-27T05:40:19+00:00,frontend_mentor,qwen3.6:27b,mentor_question_242,mentor_question_group_049,en,True,True,True,100.0,A,122.149066,0.0,64,,,,,,,
2026-05-27T05:42:21+00:00,frontend_mentor,qwen3.6:27b,mentor_question_243,mentor_question_group_049,tr,True,False,True,75.0,C,122.216522,0.0,64,,,,,,tr_language_mismatch,
2026-05-27T05:43:23+00:00,frontend_mentor,qwen3.6:27b,mentor_question_244,mentor_question_group_049,tr,True,False,True,75.0,C,62.191409,0.0,64,,,,,,tr_language_mismatch,
2026-05-27T05:44:25+00:00,frontend_mentor,qwen3.6:27b,mentor_question_245,mentor_question_group_049,tr,True,False,True,75.0,C,62.157395,0.0,64,,,,,,tr_language_mismatch,
2026-05-27T05:46:27+00:00,frontend_mentor,qwen3.6:27b,mentor_question_246,mentor_question_group_050,en,True,True,True,100.0,A,122.232999,0.0,64,,,,,,,
2026-05-27T05:48:30+00:00,frontend_mentor,qwen3.6:27b,mentor_question_247,mentor_question_group_050,tr,True,False,True,75.0,C,122.117489,0.0,64,,,,,,tr_language_mismatch,
2026-05-27T05:50:32+00:00,frontend_mentor,qwen3.6:27b,mentor_question_248,mentor_question_group_050,tr,True,False,True,75.0,C,122.172234,0.0,64,,,,,,tr_language_mismatch,
2026-05-27T05:52:34+00:00,frontend_mentor,qwen3.6:27b,mentor_question_249,mentor_question_group_050,tr,True,False,True,75.0,C,122.239118,0.0,64,,,,,,tr_language_mismatch,
2026-05-27T05:54:36+00:00,frontend_mentor,qwen3.6:27b,mentor_question_250,mentor_question_group_050,tr,True,False,True,75.0,C,122.170096,0.0,64,,,,,,tr_language_mismatch,
2026-05-27T05:55:38+00:00,frontend_mentor,qwen3.6:27b,mentor_question_251,mentor_question_group_051,tr,True,False,True,75.0,C,62.172954,0.0,64,,,,,,tr_language_mismatch,
2026-05-27T05:56:40+00:00,frontend_mentor,qwen3.6:27b,mentor_question_252,mentor_question_group_051,tr,True,False,True,75.0,C,62.183485,0.0,64,,,,,,tr_language_mismatch,
2026-05-27T05:58:43+00:00,frontend_mentor,qwen3.6:27b,mentor_question_253,mentor_question_group_051,tr,True,False,True,75.0,C,122.215585,0.0,64,,,,,,tr_language_mismatch,
2026-05-27T06:00:45+00:00,frontend_mentor,qwen3.6:27b,mentor_question_254,mentor_question_group_051,tr,True,False,True,75.0,C,122.079083,0.0,64,,,,,,tr_language_mismatch,
2026-05-27T06:02:47+00:00,frontend_mentor,qwen3.6:27b,mentor_question_255,mentor_question_group_051,tr,True,False,True,75.0,C,122.070144,0.0,64,,,,,,tr_language_mismatch,
2026-05-27T06:03:49+00:00,frontend_mentor,qwen3.6:27b,mentor_question_256,mentor_question_group_052,tr,True,False,True,75.0,C,62.238877,0.0,64,,,,,,tr_language_mismatch,
2026-05-27T06:05:51+00:00,frontend_mentor,qwen3.6:27b,mentor_question_257,mentor_question_group_052,tr,True,False,True,75.0,C,122.106039,0.0,64,,,,,,tr_language_mismatch,
2026-05-27T06:06:53+00:00,frontend_mentor,qwen3.6:27b,mentor_question_258,mentor_question_group_052,tr,True,False,True,75.0,C,62.16155,0.0,64,,,,,,tr_language_mismatch,
2026-05-27T06:07:55+00:00,frontend_mentor,qwen3.6:27b,mentor_question_259,mentor_question_group_052,tr,True,False,True,75.0,C,62.178078,0.0,64,,,,,,tr_language_mismatch,
2026-05-27T06:08:58+00:00,frontend_mentor,qwen3.6:27b,mentor_question_260,mentor_question_group_052,tr,True,False,True,75.0,C,62.137872,0.0,64,,,,,,tr_language_mismatch,
2026-05-27T06:10:00+00:00,frontend_mentor,qwen3.6:27b,mentor_question_261,mentor_question_group_053,tr,True,False,True,75.0,C,62.250316,0.0,64,,,,,,tr_language_mismatch,
2026-05-27T06:11:02+00:00,frontend_mentor,qwen3.6:27b,mentor_question_262,mentor_question_group_053,tr,True,False,True,75.0,C,62.132412,0.0,64,,,,,,tr_language_mismatch,
2026-05-27T06:12:04+00:00,frontend_mentor,qwen3.6:27b,mentor_question_263,mentor_question_group_053,tr,True,False,True,75.0,C,62.13127,0.0,64,,,,,,tr_language_mismatch,
2026-05-27T06:13:06+00:00,frontend_mentor,qwen3.6:27b,mentor_question_264,mentor_question_group_053,tr,True,False,True,75.0,C,62.177333,0.0,64,,,,,,tr_language_mismatch,
2026-05-27T06:15:09+00:00,frontend_mentor,qwen3.6:27b,mentor_question_265,mentor_question_group_053,tr,True,False,True,75.0,C,122.233283,0.0,64,,,,,,tr_language_mismatch,
2026-05-27T06:16:11+00:00,frontend_mentor,qwen3.6:27b,mentor_question_266,mentor_question_group_054,tr,True,False,True,75.0,C,62.244471,0.0,64,,,,,,tr_language_mismatch,
2026-05-27T06:18:13+00:00,frontend_mentor,qwen3.6:27b,mentor_question_267,mentor_question_group_054,tr,True,False,True,75.0,C,122.137155,0.0,64,,,,,,tr_language_mismatch,
2026-05-27T06:20:15+00:00,frontend_mentor,qwen3.6:27b,mentor_question_268,mentor_question_group_054,tr,True,False,True,75.0,C,122.158058,0.0,64,,,,,,tr_language_mismatch,
2026-05-27T06:22:17+00:00,frontend_mentor,qwen3.6:27b,mentor_question_269,mentor_question_group_054,tr,True,False,True,75.0,C,122.205594,0.0,64,,,,,,tr_language_mismatch,
2026-05-27T06:24:20+00:00,frontend_mentor,qwen3.6:27b,mentor_question_270,mentor_question_group_054,tr,True,False,True,75.0,C,122.209871,0.0,64,,,,,,tr_language_mismatch,
2026-05-27T06:26:22+00:00,frontend_mentor,qwen3.6:27b,mentor_question_271,mentor_question_group_055,tr,True,False,True,75.0,C,122.18663,0.0,64,,,,,,tr_language_mismatch,
2026-05-27T06:27:24+00:00,frontend_mentor,qwen3.6:27b,mentor_question_272,mentor_question_group_055,tr,True,False,True,75.0,C,62.16756,0.0,64,,,,,,tr_language_mismatch,
2026-05-27T06:29:26+00:00,frontend_mentor,qwen3.6:27b,mentor_question_273,mentor_question_group_055,tr,True,False,True,75.0,C,122.254272,0.0,64,,,,,,tr_language_mismatch,
2026-05-27T06:31:28+00:00,frontend_mentor,qwen3.6:27b,mentor_question_274,mentor_question_group_055,tr,True,False,True,75.0,C,122.220369,0.0,64,,,,,,tr_language_mismatch,
2026-05-27T06:32:31+00:00,frontend_mentor,qwen3.6:27b,mentor_question_275,mentor_question_group_055,tr,True,False,True,75.0,C,62.220668,0.0,64,,,,,,tr_language_mismatch,
2026-05-27T06:34:33+00:00,frontend_mentor,qwen3.6:27b,mentor_question_276,mentor_question_group_056,tr,True,False,True,75.0,C,122.146971,0.0,64,,,,,,tr_language_mismatch,
2026-05-27T06:36:35+00:00,frontend_mentor,qwen3.6:27b,mentor_question_277,mentor_question_group_056,tr,True,False,True,75.0,C,122.21747,0.0,64,,,,,,tr_language_mismatch,
2026-05-27T06:38:37+00:00,frontend_mentor,qwen3.6:27b,mentor_question_278,mentor_question_group_056,tr,True,False,True,75.0,C,122.228228,0.0,64,,,,,,tr_language_mismatch,
2026-05-27T06:39:39+00:00,frontend_mentor,qwen3.6:27b,mentor_question_279,mentor_question_group_056,tr,True,False,True,75.0,C,62.124869,0.0,64,,,,,,tr_language_mismatch,
2026-05-27T06:41:42+00:00,frontend_mentor,qwen3.6:27b,mentor_question_280,mentor_question_group_056,tr,True,False,True,75.0,C,122.24059,0.0,64,,,,,,tr_language_mismatch,
2026-05-27T06:43:44+00:00,frontend_mentor,qwen3.6:27b,mentor_question_281,mentor_question_group_057,tr,True,False,True,75.0,C,122.239398,0.0,64,,,,,,tr_language_mismatch,
2026-05-27T06:44:46+00:00,frontend_mentor,qwen3.6:27b,mentor_question_282,mentor_question_group_057,tr,True,False,True,75.0,C,62.220696,0.0,64,,,,,,tr_language_mismatch,
2026-05-27T06:45:48+00:00,frontend_mentor,qwen3.6:27b,mentor_question_283,mentor_question_group_057,en,True,True,True,100.0,A,62.252198,0.0,64,,,,,,,
2026-05-27T06:47:50+00:00,frontend_mentor,qwen3.6:27b,mentor_question_284,mentor_question_group_057,tr,True,False,True,75.0,C,122.153749,0.0,64,,,,,,tr_language_mismatch,
2026-05-27T06:48:53+00:00,frontend_mentor,qwen3.6:27b,mentor_question_285,mentor_question_group_057,tr,True,False,True,75.0,C,62.197835,0.0,64,,,,,,tr_language_mismatch,
2026-05-27T06:50:55+00:00,frontend_mentor,qwen3.6:27b,mentor_question_286,mentor_question_group_058,tr,True,False,True,75.0,C,122.212418,0.0,64,,,,,,tr_language_mismatch,
2026-05-27T06:51:57+00:00,frontend_mentor,qwen3.6:27b,mentor_question_287,mentor_question_group_058,tr,True,False,True,75.0,C,62.258815,0.0,64,,,,,,tr_language_mismatch,
2026-05-27T06:53:59+00:00,frontend_mentor,qwen3.6:27b,mentor_question_288,mentor_question_group_058,tr,True,False,True,75.0,C,122.150937,0.0,64,,,,,,tr_language_mismatch,
2026-05-27T06:56:01+00:00,frontend_mentor,qwen3.6:27b,mentor_question_289,mentor_question_group_058,tr,True,False,True,75.0,C,122.119699,0.0,64,,,,,,tr_language_mismatch,
2026-05-27T06:58:04+00:00,frontend_mentor,qwen3.6:27b,mentor_question_290,mentor_question_group_058,en,True,True,True,100.0,A,122.26551,0.0,64,,,,,,,
2026-05-27T07:00:06+00:00,frontend_mentor,qwen3.6:27b,mentor_question_291,mentor_question_group_059,tr,True,False,True,75.0,C,122.093944,0.0,64,,,,,,tr_language_mismatch,
2026-05-27T07:01:08+00:00,frontend_mentor,qwen3.6:27b,mentor_question_292,mentor_question_group_059,en,True,True,True,100.0,A,62.292191,0.0,64,,,,,,,
2026-05-27T07:03:10+00:00,frontend_mentor,qwen3.6:27b,mentor_question_293,mentor_question_group_059,tr,True,False,True,75.0,C,122.238877,0.0,64,,,,,,tr_language_mismatch,
2026-05-27T07:05:12+00:00,frontend_mentor,qwen3.6:27b,mentor_question_294,mentor_question_group_059,tr,True,False,True,75.0,C,122.21032,0.0,64,,,,,,tr_language_mismatch,
2026-05-27T07:07:15+00:00,frontend_mentor,qwen3.6:27b,mentor_question_295,mentor_question_group_059,tr,True,False,True,75.0,C,122.156276,0.0,64,,,,,,tr_language_mismatch,
2026-05-27T07:09:17+00:00,frontend_mentor,qwen3.6:27b,mentor_question_296,mentor_question_group_060,en,True,True,True,100.0,A,122.181792,0.0,64,,,,,,,
2026-05-27T07:11:19+00:00,frontend_mentor,qwen3.6:27b,mentor_question_297,mentor_question_group_060,en,True,True,True,100.0,A,122.113364,0.0,64,,,,,,,
2026-05-27T07:13:21+00:00,frontend_mentor,qwen3.6:27b,mentor_question_298,mentor_question_group_060,en,True,True,True,100.0,A,122.185012,0.0,64,,,,,,,
2026-05-27T07:15:23+00:00,frontend_mentor,qwen3.6:27b,mentor_question_299,mentor_question_group_060,en,True,True,True,100.0,A,122.236908,0.0,64,,,,,,,
2026-05-27T07:17:25+00:00,frontend_mentor,qwen3.6:27b,mentor_question_300,mentor_question_group_060,en,True,True,True,100.0,A,122.136381,0.0,64,,,,,,,
2026-05-27T07:18:28+00:00,frontend_mentor,qwen3.6:27b,mentor_question_301,mentor_question_group_061,en,True,True,True,100.0,A,62.195145,0.0,64,,,,,,,
2026-05-27T07:19:30+00:00,frontend_mentor,qwen3.6:27b,mentor_question_302,mentor_question_group_061,en,True,True,True,100.0,A,62.282192,0.0,64,,,,,,,
2026-05-27T07:21:32+00:00,frontend_mentor,qwen3.6:27b,mentor_question_303,mentor_question_group_061,tr,True,False,True,75.0,C,122.141337,0.0,64,,,,,,tr_language_mismatch,
2026-05-27T07:22:34+00:00,frontend_mentor,qwen3.6:27b,mentor_question_304,mentor_question_group_061,tr,True,False,True,75.0,C,62.17971,0.0,64,,,,,,tr_language_mismatch,
2026-05-27T07:23:36+00:00,frontend_mentor,qwen3.6:27b,mentor_question_305,mentor_question_group_061,en,True,True,True,100.0,A,62.209281,0.0,64,,,,,,,
2026-05-27T07:24:39+00:00,frontend_mentor,qwen3.6:27b,mentor_question_306,mentor_question_group_062,tr,True,False,True,75.0,C,62.2109,0.0,64,,,,,,tr_language_mismatch,
